secteur,intersection,approche,direction_circulation,debit_total_24h,pourcentage_vehicules_lourds,annee
Gatineau,Canne / Stéphane,Nord,Sud,4800,1.2,2016
Gatineau,Canne / Stéphane,Nord,Nord,4800,1.2,2016
Gatineau,Canne / Stéphane,Est,Ouest,3800,2.2,2016
Gatineau,Canne / Stéphane,Est,Est,3800,2.2,2016
Gatineau,Canne / Stéphane,Sud,Sud,2700,1.6,2016
Gatineau,Canne / Stéphane,Sud,Nord,2700,1.6,2016
Gatineau,Cité / Lamarche,Nord,Sud,10800,NA,2016
Gatineau,Cité / Lamarche,Nord,Nord,10800,NA,2016
Gatineau,Cité / Lamarche,Sud,Nord,8900,NA,2016
Gatineau,Cité / Lamarche,Sud,Sud,8900,NA,2016
Gatineau,Cité / Lamarche,Est,Est,0,NA,2016
Gatineau,Cité / Lamarche,Ouest,Est,3700,NA,2016
Gatineau,Cité / Lamarche,Ouest,Ouest,3700,NA,2016
Gatineau,Maloney / Cité,Nord,Sud,9300,3.4,2016
Gatineau,Maloney / Cité,Nord,Nord,9300,3.4,2016
Gatineau,Maloney / Cité,Est,Ouest,31900,13.2,2016
Gatineau,Maloney / Cité,Est,Est,31900,13.2,2016
Gatineau,Maloney / Cité,Sud,Nord,12800,3.6,2016
Gatineau,Maloney / Cité,Sud,Sud,12800,3.6,2016
Gatineau,Maloney / Cité,Ouest,Est,28800,11.9,2016
Gatineau,Maloney / Cité,Ouest,Ouest,28800,11.9,2016
Hull,Grives / Vaudaire,Nord,Sud,600,37.9,2016
Hull,Grives / Vaudaire,Nord,Nord,600,37.9,2016
Hull,Grives / Vaudaire,Sud,Nord,700,46.7,2016
Hull,Grives / Vaudaire,Sud,Sud,700,46.7,2016
Hull,Grives / Vaudaire,Ouest,Est,400,29,2016
Hull,Grives / Vaudaire,Ouest,Est,400,29,2016
Gatineau,Lafrance / Nobert,Nord,Sud,0,0,2016
Gatineau,Lafrance / Nobert,Nord,Nord,0,0,2016
Gatineau,Lafrance / Nobert,Est,Ouest,1000,0,2016
Gatineau,Lafrance / Nobert,Est,Est,1000,0,2016
Gatineau,Lafrance / Nobert,Sud,Nord,600,0,2016
Gatineau,Lafrance / Nobert,Sud,Sud,600,0,2016
Gatineau,Lafrance / Nobert,Ouest,Est,1200,0,2016
Gatineau,Lafrance / Nobert,Ouest,Ouest,1200,0,2016
Hull,Thérien / d'Orsonnens,Nord,Sud,1000,41.4,2016
Hull,Thérien / d'Orsonnens,Nord,Nord,1000,41.4,2016
Hull,Thérien / d'Orsonnens,Est,Ouest,900,37.1,2016
Hull,Thérien / d'Orsonnens,Est,Est,900,37.1,2016
Hull,Thérien / d'Orsonnens,Ouest,Est,1300,54.4,2016
Hull,Thérien / d'Orsonnens,Ouest,Ouest,1300,54.4,2016
Gatineau,St-Louis / Jacques-Cartier,Est,Ouest,11600,0,2016
Gatineau,St-Louis / Jacques-Cartier,Est,Est,11600,0,2016
Gatineau,St-Louis / Jacques-Cartier,Sud,Nord,5400,0,2016
Gatineau,St-Louis / Jacques-Cartier,Sud,Sud,5400,0,2016
Gatineau,St-Louis / Jacques-Cartier,Ouest,Est,7500,0,2016
Gatineau,St-Louis / Jacques-Cartier,Ouest,Ouest,7500,0,2016
Gatineau,St-Antoine / Bruyère,Nord,Sud,400,0,2016
Gatineau,St-Antoine / Bruyère,Nord,Nord,400,0,2016
Gatineau,St-Antoine / Bruyère,Sud,Nord,200,0,2016
Gatineau,St-Antoine / Bruyère,Sud,Sud,200,0,2016
Gatineau,St-Antoine / Bruyère,Ouest,Est,200,0,2016
Gatineau,St-Antoine / Bruyère,Ouest,Ouest,200,0,2016
Gatineau,Davidson / Desforges,Nord,Sud,700,0,2016
Gatineau,Davidson / Desforges,Nord,Nord,700,0,2016
Gatineau,Davidson / Desforges,Est,Ouest,5700,0,2016
Gatineau,Davidson / Desforges,Est,Est,5700,0,2016
Gatineau,Davidson / Desforges,Sud,Nord,100,0,2016
Gatineau,Davidson / Desforges,Sud,Sud,100,0,2016
Gatineau,Davidson / Desforges,Ouest,Sud,5900,0,2016
Gatineau,Davidson / Desforges,Ouest,Ouest,5900,0,2016
Gatineau,Avenue Gatineau,Nord,Sud,1730,0,2016
Gatineau,Avenue Gatineau,Sud,Nord,1910,0,2016
Gatineau,Labrosse / Notre-Dame,Nord,Sud,4100,0,2016
Gatineau,Labrosse / Notre-Dame,Nord,Nord,4100,0,2016
Gatineau,Labrosse / Notre-Dame,Est,Ouest,6100,0,2016
Gatineau,Labrosse / Notre-Dame,Est,Est,6100,0,2016
Gatineau,Labrosse / Notre-Dame,Sud,Nord,1700,0,2016
Gatineau,Labrosse / Notre-Dame,Sud,Sud,1700,0,2016
Gatineau,Labrosse / Notre-Dame,Ouest,Est,7300,0,2016
Gatineau,Labrosse / Notre-Dame,Ouest,Ouest,7300,0,2016
Gatineau,Notre-Dame / Brian,Nord,Sud,1000,0,2016
Gatineau,Notre-Dame / Brian,Nord,Nord,1000,0,2016
Gatineau,Notre-Dame / Brian,Est,Ouest,7600,0,2016
Gatineau,Notre-Dame / Brian,Est,Est,7600,0,2016
Gatineau,Notre-Dame / Brian,Ouest,Est,7900,0,2016
Gatineau,Notre-Dame / Brian,Ouest,Ouest,7900,0,2016
Gatineau,Napoléon-Groulx / Notre-Dame,Nord,Sud,500,0,2016
Gatineau,Napoléon-Groulx / Notre-Dame,Nord,Nord,500,0,2016
Gatineau,Napoléon-Groulx / Notre-Dame,Est,Ouest,7100,0,2016
Gatineau,Napoléon-Groulx / Notre-Dame,Est,Est,7100,0,2016
Gatineau,Napoléon-Groulx / Notre-Dame,Sud,Nord,500,0,2016
Gatineau,Napoléon-Groulx / Notre-Dame,Sud,Sud,500,0,2016
Gatineau,Napoléon-Groulx / Notre-Dame,Ouest,Est,7100,0,2016
Gatineau,Napoléon-Groulx / Notre-Dame,Ouest,Est,7100,0,2016
Gatineau,Davidson Est / Passerelle 448-451,Est,Est,3700,0,2016
Gatineau,Davidson Est / Passerelle 448-451,Est,Est,3700,0,2016
Gatineau,Davidson Est / Passerelle 448-451,Ouest,Est,3700,0,2016
Gatineau,Davidson Est / Passerelle 448-451,Ouest,Ouest,3700,0,2016
Gatineau,Maloney Est / Brian,Nord,Sud,6400,0,2016
Gatineau,Maloney Est / Brian,Nord,Nord,6400,0,2016
Gatineau,Maloney Est / Brian,Est,Ouest,29700,0,2016
Gatineau,Maloney Est / Brian,Est,Est,29700,0,2016
Gatineau,Maloney Est / Brian,Sud,Nord,2800,0,2016
Gatineau,Maloney Est / Brian,Sud,Sud,2800,0,2016
Gatineau,Maloney Est / Brian,Ouest,Est,29300,0,2016
Gatineau,Maloney Est / Brian,Ouest,Ouest,29300,0,2016
Gatineau,Maloney Ouest / Oak,Nord,Sud,1900,0,2016
Gatineau,Maloney Ouest / Oak,Nord,Nord,1900,0,2016
Gatineau,Maloney Ouest / Oak,Est,Ouest,37100,0,2016
Gatineau,Maloney Ouest / Oak,Est,Est,37100,0,2016
Gatineau,Maloney Ouest / Oak,Sud,Nord,300,0,2016
Gatineau,Maloney Ouest / Oak,Sud,Sud,300,0,2016
Gatineau,Maloney Ouest / Oak,Ouest,Est,38500,0,2016
Gatineau,Maloney Ouest / Oak,Ouest,Ouest,38500,0,2016
Gatineau,Maloney Ouest / Saint-Louis,Nord,Sud,4300,0,2016
Gatineau,Maloney Ouest / Saint-Louis,Nord,Nord,4300,0,2016
Gatineau,Maloney Ouest / Saint-Louis,Est,Ouest,39600,0,2016
Gatineau,Maloney Ouest / Saint-Louis,Est,Est,39600,0,2016
Gatineau,Maloney Ouest / Saint-Louis,Sud,Nord,12600,0,2016
Gatineau,Maloney Ouest / Saint-Louis,Sud,Sud,12600,0,2016
Gatineau,Maloney Ouest / Saint-Louis,Ouest,Est,30200,0,2016
Gatineau,Maloney Ouest / Saint-Louis,Ouest,Ouest,30200,0,2016
Gatineau,Maloney / Napoléon-Groulx,Nord,Sud,1300,0,2016
Gatineau,Maloney / Napoléon-Groulx,Nord,Nord,1300,0,2016
Gatineau,Maloney / Napoléon-Groulx,Est,Ouest,30000,0,2016
Gatineau,Maloney / Napoléon-Groulx,Est,Est,30000,0,2016
Gatineau,Maloney / Napoléon-Groulx,Sud,Nord,1100,0,2016
Gatineau,Maloney / Napoléon-Groulx,Sud,Sud,1100,0,2016
Gatineau,Maloney / Napoléon-Groulx,Ouest,Est,30200,0,2016
Gatineau,Maloney / Napoléon-Groulx,Ouest,Ouest,30200,0,2016
Gatineau,Cité/Super C,Nord,Sud,12700,0,2016
Gatineau,Cité/Super C,Nord,Nord,12700,0,2016
Gatineau,Cité/Super C,Est,Ouest,5200,0,2016
Gatineau,Cité/Super C,Est,Est,5200,0,2016
Gatineau,Cité/Super C,Sud,Nord,10900,0,2016
Gatineau,Cité/Super C,Sud,Sud,10900,0,2016
Gatineau,Cité/Super C,Ouest,Est,1500,0,2016
Gatineau,Cité/Super C,Ouest,Ouest,1500,0,2016
Gatineau,La Vérendrye Est / Candiac,Nord,Sud,1800,0,2016
Gatineau,La Vérendrye Est / Candiac,Nord,Nord,1800,0,2016
Gatineau,La Vérendrye Est / Candiac,Est,Ouest,4500,0,2016
Gatineau,La Vérendrye Est / Candiac,Est,Est,4500,0,2016
Gatineau,La Vérendrye Est / Candiac,Sud,Nord,600,0,2016
Gatineau,La Vérendrye Est / Candiac,Sud,Sud,600,0,2016
Gatineau,La Vérendrye Est / Candiac,Ouest,Est,6300,0,2016
Gatineau,La Vérendrye Est / Candiac,Ouest,Ouest,6300,0,2016
Gatineau, Labrosse / Géraniums,Nord,Sud,13500,0,2016
Gatineau, Labrosse / Géraniums,Nord,Nord,13500,0,2016
Gatineau, Labrosse / Géraniums,Est,Ouest,100,0,2016
Gatineau, Labrosse / Géraniums,Est,Est,100,0,2016
Gatineau, Labrosse / Géraniums,Sud,Nord,13600,0,2016
Gatineau, Labrosse / Géraniums,Sud,Sud,13600,0,2016
Gatineau, Labrosse / Géraniums,Ouest,Est,200,0,2016
Gatineau, Labrosse / Géraniums,Ouest,Ouest,200,0,2016
Buckingham,Dollard / Thibault,Nord,Sud,4000,0,2016
Buckingham,Dollard / Thibault,Nord,Nord,4000,0,2016
Buckingham,Dollard / Thibault,Est,Ouest,0,0,2016
Buckingham,Dollard / Thibault,Est,Est,0,0,2016
Buckingham,Dollard / Thibault,Sud,Nord,4200,0,2016
Hull,Chevalier-de-Rouville / Labelle,Est,Ouest,700,10.9,2017
Hull,Chevalier-de-Rouville / Labelle,Nord,Sud,700,4,2017
Aylmer,Verger,Est,Ouest,2100,4.1,2017
Aylmer,Verger,Ouest,Est,2100,4.1,2017
Aylmer,Riesling,Est,Ouest,1200,10.2,2017
Aylmer,Riesling,Ouest,Est,1200,10.2,2017
Hull,Brise,Est,Ouest,400,11.2,2017
Hull,Brise,Ouest,Est,400,11.2,2017
Aylmer,Grands-Châteaux,Est,Ouest,800,6.7,2017
Aylmer,Grands-Châteaux,Ouest,Est,800,6.7,2017
Gatineau,Rayol,Est,Ouest,700,6.4,2017
Gatineau,Rayol,Ouest,Est,700,6.4,2017
Gatineau,Max,Ouest,Est,900,7.5,2017
Gatineau,Max,Est,Ouest,900,7.5,2017
Hull,Dôme,Est,Ouest,1500,4,2017
Hull,Dôme,Sud,Nord,1500,4,2017
Gatineau,Montebello,Ouest,Est,500,11.2,2017
Gatineau,Montebello,Est,Ouest,500,11.2,2017
Aylmer,Prado,Nord,Sud,2000,5.5,2017
Aylmer,Prado,Sud,Nord,2000,5.5,2017
Gatineau,Grands-Jardins,Ouest,Est,1500,12.1,2017
Gatineau,Grands-Jardins,Est,Ouest,1500,12.1,2017
Aylmer,Lobo,Sud,Nord,100,13.8,2017
Aylmer,Lobo,Nord,Sud,100,13.8,2017
Aylmer,Spartan,Nord,Sud,1100,6.6,2017
Aylmer,Spartan,Sud,Nord,1100,6.6,2017
Aylmer,Beaux-Arts,Ouest,Est,600,3.6,2017
Aylmer,Beaux-Arts,Est,Ouest,600,3.6,2017
Hull,Alizés,Ouest,Est,500,6.4,2017
Hull,Alizés,Est,Ouest,500,6.4,2017
Aylmer,Colline,Est,Ouest,1600,5,2017
Aylmer,Colline,Ouest,Est,1600,5,2017
Aylmer,Carcajou,Sud,Nord,200,2.7,2017
Aylmer,Carcajou,Nord,Sud,200,2.7,2017
Aylmer,Golf,Sud,Nord,600,17.2,2017
Aylmer,Golf,Nord,Sud,600,17.2,2017
Aylmer,Fabrique,Est,Ouest,800,5.2,2017
Aylmer,Fabrique,Ouest,Est,800,5.2,2017
Aylmer,Beaulac,Est,Ouest,1300,13.3,2017
Aylmer,Beaulac,Ouest,Est,1300,13.3,2017
Aylmer,Montagnais,Sud,Nord,700,5.1,2017
Aylmer,Montagnais,Nord,Sud,700,5.1,2017
Gatineau,Savane,Est,Ouest,5600,8.7,2017
Gatineau,Savane,Ouest,Est,5600,8.7,2017
Aylmer,Jockey,Est,Ouest,300,13.2,2017
Aylmer,Jockey,Ouest,Est,300,13.2,2017
Gatineau,Jules-Verne,Sud,Nord,1400,7.2,2017
Gatineau,Jules-Verne,Nord,Sud,1400,7.2,2017
Hull,Doucet,Est,Ouest,900,3.1,2017
Hull,Doucet,Ouest,Est,900,3.1,2017
Gatineau,Vianney,Ouest,Est,700,9.9,2017
Gatineau,Vianney,Est,Ouest,700,3.9,2017
Gatineau,Saint-René Est,Nord,Sud,3000,5.1,2017
Gatineau,Saint-René Est,Sud,Nord,3000,5.1,2017
Hull,Brady,Ouest,Est,200,6.7,2017
Hull,Brady,Est,Ouest,200,6.7,2017
Hull,Boucher,Nord,Sud,100,0,2017
Hull,Boucher,Sud,Nord,100,0,2017
Gatineau,Drave,Ouest,Est,2200,10.3,2017
Gatineau,Drave,Est,Ouest,2200,10.3,2017
Hull,Isabelle,Est,Ouest,6400,7.4,2017
Hull,Isabelle,Ouest,Est,6400,7.4,2017
Aylmer,John-Egan,Nord,Sud,800,7.7,2017
Aylmer,John-Egan,Sud,Nord,800,7.7,2017
Hull,Fréchette / Genest,Ouest,Est,500,5,2017
Hull,Fréchette / Genest,Est,Ouest,500,5,2017
Aylmer,Marigot,Sud,Nord,200,7.2,2017
Aylmer,Marigot,Nord,Sud,200,7.2,2017
Aylmer,Frank-Lynch,Ouest,Est,100,13.9,2017
Aylmer,Frank-Lynch,Est,Ouest,100,13.9,2017
Aylmer,Wilfrid-Lavigne,Sud,Nord,3400,7.7,2017
Aylmer,Wilfrid-Lavigne,Nord,Sud,3400,7.7,2017
Aylmer,Artisans,Sud,Nord,600,8,2017
Aylmer,Artisans,Nord,Sud,600,8,2017
Gatineau,Jeannine-Grégoire-Ross,Ouest,Est,700,9,2017
Gatineau,Jeannine-Grégoire-Ross,Est,Ouest,700,9,2017
Gatineau,Jeannine-Grégoire-Ross,Ouest,Est,500,9.7,2017
Gatineau,Jeannine-Grégoire-Ross,Est,Ouest,500,9.7,2017
Gatineau,Batiscan,Sud,Nord,300,7.3,2017
Gatineau,Batiscan,Nord,Sud,300,7.3,2017
Gatineau,Saint-Vallier,Ouest,Est,700,3.7,2017
Gatineau,Saint-Vallier,Est,Ouest,700,3.7,2017
Gatineau,Baie,Sud,Nord,1100,5.4,2017
Gatineau,Baie,Nord,Sud,1100,5.4,2017
Buckingham,Brewer,Sud,Nord,1200,6.8,2017
Buckingham,Brewer,Nord,Sud,1200,6.8,2017
Buckingham,MacLaren Est,Nord,Sud,5400,9.3,2017
Buckingham,MacLaren Est,Sud,Nord,5400,9.3,2017
Masson-Angers,Grandpré,Ouest,Est,200,7,2017
Masson-Angers,Grandpré,Est,Ouest,200,7,2017
Masson-Angers,Fer-à-Cheval,Ouest,Est,800,15.1,2017
Masson-Angers,Fer-à-Cheval,Est,Ouest,800,15.1,2017
Hull,Montpetit,Sud,Nord,500,3.3,2017
Aylmer,Golf,Nord,Sud,1600,11.8,2017
Aylmer,Golf,Sud,Nord,1600,11.8,2017
Aylmer,Cochrane,Sud,Nord,300,11.9,2017
Aylmer,Cochrane,Nord,Sud,300,11.9,2017
Gatineau,Gouin,Est,Ouest,1100,3,2017
Gatineau,Gouin,Ouest,Est,1100,3,2017
Gatineau,Lusignan,Sud,Nord,300,10.7,2017
Gatineau,Lusignan,Nord,Sud,300,10.7,2017
Gatineau,Monseigneur-Forbes,Ouest,Est,600,8.1,2017
Gatineau,Monseigneur-Forbes,Est,Ouest,600,8.1,2017
Gatineau,Nilphas-Richer,Nord,Sud,1900,7.8,2017
Gatineau,Nilphas-Richer,Sud,Nord,1900,7.8,2017
Gatineau,Cousineau,Nord,Sud,600,8,2017
Gatineau,Cousineau,Sud,Nord,600,8,2017
Gatineau,Généreux,Ouest,Est,200,2.5,2017
Gatineau,Généreux,Est,Ouest,200,2.5,2017
Gatineau,Saint-René Est,Sud,Nord,5600,5.6,2017
Gatineau,Saint-René Est,Nord,Sud,5600,5.6,2017
Gatineau,Sauternes,Nord,Sud,700,4.7,2017
Gatineau,Sauternes,Sud,Nord,700,4.7,2017
Gatineau,Desforges / Chalifoux,Sud,Nord,400,14.2,2017
Gatineau,Desforges / Chalifoux,Nord,Sud,400,14.2,2017
Gatineau,Mont-Fleuri / Larcher,Ouest,Est,300,7.1,2017
Gatineau,Mont-Fleuri / Larcher,Est,Ouest,300,7.1,2017
Gatineau,James-Murray / Poplar,Ouest,Est,400,2.6,2017
Gatineau,James-Murray / Poplar,Est,Ouest,400,2.6,2017
Gatineau,Gréber / Musée,Ouest,Est,5500,4.7,2017
Gatineau,Gréber / Musée,Est,Ouest,5500,4.7,2017
Gatineau,Gréber / Musée,Sud,Nord,300,10.9,2017
Hull,Joffre,Nord,Sud,300,5.2,2017
Hull,Jonquilles,Est,Ouest,1000,10.5,2017
Hull,Jonquilles,Ouest,Est,1000,10.5,2017
Aylmer,Maurice-Duplessis / Jules-Léger,Ouest,Est,900,2.1,2017
Aylmer,Maurice-Duplessis / Jules-Léger,Est,Ouest,900,2.1,2017
Hull,Berri / Jeanne-d'Arc,Nord,Sud,2500,9.3,2017
Hull,Berri / Jeanne-d'Arc,Sud,Nord,2500,9.3,2017
Aylmer,Bourgeau Sud,Nord,Sud,200,6.1,2017
Aylmer,Bourgeau Sud,Sud,Nord,200,6.1,2017
Hull,Lessard,Ouest,Est,200,2.8,2017
Hull,Lessard,Est,Ouest,200,2.8,2017
Gatineau,Potvin,Sud,Nord,100,9.6,2017
Gatineau,Potvin,Nord,Sud,100,9.6,2017
Buckingham,Brewer,Sud,Nord,900,12,2017
Buckingham,Brewer,Nord,Sud,900,12,2017
Gatineau,Orléans,Est,Ouest,1800,12.7,2017
Gatineau,Orléans,Ouest,Est,1800,12.7,2017
Gatineau,Oak,Nord,Sud,600,8.5,2017
Gatineau,Oak,Sud,Nord,600,8.5,2017
Gatineau,Oasis,Est,Ouest,1200,12,2017
Gatineau,Oasis,Ouest,Est,1200,12,2017
Aylmer,Nébuleuse,Sud,Nord,400,2.8,2017
Aylmer,Nébuleuse,Nord,Sud,400,2.8,2017
Aylmer,Parker,Sud,Nord,500,5.8,2017
Aylmer,Parker,Nord,Sud,500,5.8,2017
Hull,Montpetit,Sud,Nord,400,4.5,2017
Aylmer,McConnell,Ouest,Est,900,7,2017
Aylmer,McConnell,Est,Ouest,900,7,2017
Gatineau,Dalton / Sous-Bois,Nord,Sud,1000,7.8,2018
Gatineau,Dalton / Sous-Bois,Nord,Nord,1000,7.8,2018
Gatineau,Dalton / Sous-Bois,Est,Ouest,1000,10.1,2018
Gatineau,Dalton / Sous-Bois,Est,Est,1000,10.1,2018
Gatineau,Dalton / Sous-Bois,Sud,Nord,1700,10.8,2018
Gatineau,Dalton / Sous-Bois,Sud,Sud,1700,10.8,2018
Aylmer,Chemin d'Aylmer / Rivermead,Nord,Sud,2400,4.8,2018
Aylmer,Chemin d'Aylmer / Rivermead,Nord,Nord,2400,4.8,2018
Aylmer,Chemin d'Aylmer / Rivermead,Est,Ouest,10700,29.3,2018
Aylmer,Chemin d'Aylmer / Rivermead,Est,Est,10700,29.3,2018
Aylmer,Chemin d'Aylmer / Rivermead,Sud,Nord,2600,14.2,2018
Aylmer,Chemin d'Aylmer / Rivermead,Sud,Sud,2600,14.2,2018
Aylmer,Chemin d'Aylmer / Rivermead,Ouest,Est,11000,27.5,2018
Aylmer,Chemin d'Aylmer / Rivermead,Ouest,Ouest,11000,27.5,2018
Hull,Laurier / Victoria,Nord,Sud,13200,4.6,2018
Hull,Laurier / Victoria,Nord,Nord,13200,4.6,2018
Hull,Laurier / Victoria,Est,Ouest,0,0.2,2018
Hull,Laurier / Victoria,Est,Est,0,0.2,2018
Hull,Laurier / Victoria,Sud,Nord,13200,4.7,2018
Hull,Laurier / Victoria,Sud,Sud,13200,4.7,2018
Hull,Laurier / Victoria,Ouest,Est,3900,0.4,2018
Hull,Laurier / Victoria,Ouest,Ouest,3900,0.4,2018
Hull,Laurier / Elisabeth-Bruyère,Nord,Sud,13500,4.7,2018
Hull,Laurier / Elisabeth-Bruyère,Nord,Nord,13500,0.7,2018
Hull,Laurier / Elisabeth-Bruyère,Est,Ouest,600,0.1,2018
Hull,Laurier / Elisabeth-Bruyère,Est,Est,600,0.1,2018
Hull,Laurier / Elisabeth-Bruyère,Sud,Nord,13100,4.6,2018
Hull,Laurier / Elisabeth-Bruyère,Sud,Sud,13100,4.6,2018
Hull,Laurier / Elisabeth-Bruyère,Ouest,Est,400,0.2,2018
Hull,Laurier / Elisabeth-Bruyère,Ouest,Ouest,400,0.2,2018
Hull,Laurier / Allumettières,Nord,Sud,9600,3.6,2018
Hull,Laurier / Allumettières,Nord,Nord,9600,3.6,2018
Hull,Laurier / Allumettières,Est,Ouest,15500,2.3,2018
Hull,Laurier / Allumettières,Est,Est,15500,2.3,2018
Hull,Laurier / Allumettières,Sud,Nord,13600,6.5,2018
Hull,Laurier / Allumettières,Sud,Sud,13600,6.5,2018
Hull,Laurier / Allumettières,Ouest,Est,12000,7.7,2018
Hull,Laurier / Allumettières,Ouest,Ouest,12000,7.7,2018
Hull,Promenade du Portage / Alexandre-Taché,Nord,Sud,2700,44.8,2018
Hull,Promenade du Portage / Alexandre-Taché,Nord,Nord,2700,44.8,2018
Hull,Promenade du Portage / Alexandre-Taché,Est,Ouest,24600,38,2018
Hull,Promenade du Portage / Alexandre-Taché,Est,Est,24600,38,2018
Hull,Promenade du Portage / Alexandre-Taché,Ouest,Est,26000,56.7,2018
Hull,Promenade du Portage / Alexandre-Taché,Ouest,Ouest,26000,56.7,2018
Hull,Alexandre-Taché / Eddy,Nord,Sud,4700,10.6,2018
Hull,Alexandre-Taché / Eddy,Nord,Nord,4700,10.6,2018
Hull,Alexandre-Taché / Eddy,Est,Ouest,14800,18.9,2018
Hull,Alexandre-Taché / Eddy,Est,Est,14800,18.9,2018
Hull,Alexandre-Taché / Eddy,Sud,Nord,25800,24.1,2018
Hull,Alexandre-Taché / Eddy,Sud,Sud,25800,24.1,2018
Hull,Alexandre-Taché / Eddy,Ouest,Est,24600,22.3,2018
Hull,Alexandre-Taché / Eddy,Ouest,Ouest,24600,22.3,2018
Hull,Laval / Laurier / Jos-Montferrand,Nord,Sud,5300,3.1,2018
Hull,Laval / Laurier / Jos-Montferrand,Nord,Nord,0,3.1,2018
Hull,Laval / Laurier / Jos-Montferrand,Est,Ouest,16600,19.9,2018
Hull,Laval / Laurier / Jos-Montferrand,Est,Est,16600,19.9,2018
Hull,Laval / Laurier / Jos-Montferrand,Sud,Nord,1600,4.4,2018
Hull,Laval / Laurier / Jos-Montferrand,Sud,Sud,1600,4.4,2018
Hull,Laval / Laurier / Jos-Montferrand,Ouest,Est,14000,16.8,2018
Hull,Laval / Laurier / Jos-Montferrand,Ouest,Ouest,14000,16.8,2018
Hull,Alexandre-Taché / Montcalm,Nord,Sud,17700,4.7,2018
Hull,Alexandre-Taché / Montcalm,Nord,Nord,17700,4.7,2018
Hull,Alexandre-Taché / Montcalm,Est,Ouest,26000,8.8,2018
Hull,Alexandre-Taché / Montcalm,Est,Est,26000,8.8,2018
Hull,Alexandre-Taché / Montcalm,Sud,Nord,0,0,2018
Hull,Alexandre-Taché / Montcalm,Sud,Sud,0,0,2018
Hull,Alexandre-Taché / Montcalm,Ouest,Est,12300,4.5,2018
Hull,Alexandre-Taché / Montcalm,Ouest,Ouest,12300,4.5,2018
Gatineau,Saint-René Est / Willard / Raymond,Nord,Sud,100,6.7,2018
Gatineau,Saint-René Est / Willard / Raymond,Nord,Nord,100,6.7,2018
Gatineau,Saint-René Est / Willard / Raymond,Est,Ouest,10000,244,2018
Gatineau,Saint-René Est / Willard / Raymond,Est,Est,10000,244,2018
Gatineau,Saint-René Est / Willard / Raymond,Sud,Nord,1200,45.3,2018
Gatineau,Saint-René Est / Willard / Raymond,Sud,Sud,1200,45.3,2018
Gatineau,Saint-René Est / Willard / Raymond,Ouest,Est,9600,189.3,2018
Gatineau,Saint-René Est / Willard / Raymond,Ouest,Ouest,9600,189.3,2018
Aylmer,Allumettières / Vanier,Nord,Sud,15800,4.6,2018
Aylmer,Allumettières / Vanier,Nord,Nord,15800,4.6,2018
Aylmer,Allumettières / Vanier,Est,Ouest,35800,2.5,2018
Aylmer,Allumettières / Vanier,Est,Est,35800,2.5,2018
Aylmer,Allumettières / Vanier,Sud,Nord,23300,2.9,2018
Aylmer,Allumettières / Vanier,Sud,Sud,23300,2.9,2018
Aylmer,Allumettières / Vanier,Ouest,Est,30800,3.2,2018
Aylmer,Allumettières / Vanier,Ouest,Ouest,30800,3.2,2018
Aylmer,Atmosphère / Nébuleuse,Nord,Sud,600,1.7,2018
Aylmer,Atmosphère / Nébuleuse,Nord,Nord,600,1.7,2018
Aylmer,Atmosphère / Nébuleuse,Est,Ouest,3200,33.4,2018
Aylmer,Atmosphère / Nébuleuse,Est,Est,3200,33.4,2018
Aylmer,Atmosphère / Nébuleuse,Sud,Nord,300,0.9,2018
Aylmer,Atmosphère / Nébuleuse,Sud,Sud,300,0.9,2018
Aylmer,Atmosphère / Nébuleuse,Ouest,Est,2900,30.6,2018
Aylmer,Atmosphère / Nébuleuse,Ouest,Ouest,2900,30.6,2018
Hull,Atmosphère / Été / Printemps,Nord,Sud,100,3.3,2018
Hull,Atmosphère / Été / Printemps,Nord,Nord,100,3.3,2018
Hull,Atmosphère / Été / Printemps,Est,Ouest,3100,185,2018
Hull,Atmosphère / Été / Printemps,Est,Est,3100,185,2018
Hull,Atmosphère / Été / Printemps,Sud,Nord,100,0,2018
Hull,Atmosphère / Été / Printemps,Sud,Sud,100,0,2018
Hull,Atmosphère / Été / Printemps,Ouest,Est,3100,195,2018
Hull,Atmosphère / Été / Printemps,Ouest,Ouest,3100,195,2018
Aylmer,Allumettières / Vanier,Nord,Est,16500,0.9,2018
Aylmer,Allumettières / Vanier,Nord,Nord,16500,0.9,2018
Aylmer,Allumettières / Vanier,Est,Ouest,36600,0.6,2018
Aylmer,Allumettières / Vanier,Est,Est,36600,0.6,2018
Aylmer,Allumettières / Vanier,Sud,Nord,24200,0.5,2018
Aylmer,Allumettières / Vanier,Sud,Sud,24200,0.5,2018
Aylmer,Allumettières / Vanier,Ouest,Est,32200,0.6,2018
Aylmer,Allumettières / Vanier,Ouest,Ouest,32200,0.6,2018
Aylmer,Plateau / Scouts,Nord,Sud,5400,5.4,2018
Aylmer,Plateau / Scouts,Nord,Nord,5400,5.4,2018
Aylmer,Plateau / Scouts,Est,Ouest,600,1,2018
Aylmer,Plateau / Scouts,Est,Est,600,1,2018
Aylmer,Plateau / Scouts,Sud,Nord,5300,5,2018
Aylmer,Plateau / Scouts,Sud,Sud,5300,5,2018
Aylmer,Plateau / Scouts,Ouest,Est,500,0,2018
Aylmer,Plateau / Scouts,Ouest,Ouest,500,0,2018
Aylmer,Plateau / Scouts,Nord,Sud,5400,1.8,2018
Aylmer,Plateau / Scouts,Nord,Nord,5400,1.8,2018
Aylmer,Plateau / Scouts,Est,Ouest,900,0,2018
Aylmer,Plateau / Scouts,Est,Est,900,0,2018
Aylmer,Plateau / Scouts,Sud,Nord,5300,1.8,2018
Aylmer,Plateau / Scouts,Sud,Sud,5300,1.8,2018
Aylmer,Plateau / Scouts,Ouest,Est,0,0,2018
Aylmer,Plateau / Scouts,Ouest,Ouest,0,0,2018
Aylmer,Vanier / Accès commercial,Nord,Sud,13000,5.2,2018
Aylmer,Vanier / Accès commercial,Nord,Nord,13000,5.2,2018
Aylmer,Vanier / Accès commercial,Est,Ouest,3900,1.5,2018
Aylmer,Vanier / Accès commercial,Est,Est,3900,1.5,2018
Aylmer,Vanier / Accès commercial,Sud,Nord,13900,6.5,2018
Aylmer,Vanier / Accès commercial,Sud,Sud,13900,6.5,2018
Aylmer,Vanier / Accès commercial,Nord,Sud,12000,0.7,2018
Aylmer,Vanier / Accès commercial,Nord,Nord,12000,0.7,2018
Aylmer,Vanier / Accès commercial,Est,Ouest,5500,0.3,2018
Aylmer,Vanier / Accès commercial,Est,Est,5500,0.3,2018
Aylmer,Vanier / Accès commercial,Sud,Nord,13700,1,2018
Aylmer,Vanier / Accès commercial,Sud,Sud,13700,1,2018
Aylmer,Vanier & Plateau,Nord,Sud,6600,8.5,2018
Aylmer,Vanier & Plateau,Nord,Nord,6600,8.5,2018
Aylmer,Vanier & Plateau,Est,Ouest,8800,7.3,2018
Aylmer,Vanier & Plateau,Est,Est,8800,7.3,2018
Aylmer,Vanier & Plateau,Sud,Nord,13000,5.9,2018
Aylmer,Vanier & Plateau,Sud,Sud,13000,5.9,2018
Aylmer,Vanier & Plateau,Nord,Sud,5300,1.6,2018
Aylmer,Vanier & Plateau,Nord,Nord,5300,1.6,2018
Aylmer,Vanier & Plateau,Est,Ouest,7700,1,2018
Aylmer,Vanier & Plateau,Est,Est,7700,1,2018
Aylmer,Vanier & Plateau,Sud,Nord,12100,0.8,2018
Aylmer,Vanier & Plateau,Sud,Sud,12100,0.8,2018
Gatineau,Ernest-Gaboury / Nelligan,Nord,Sud,2900,4.4,2018
Gatineau,Ernest-Gaboury / Nelligan,Nord,Nord,2900,4.4,2018
Aylmer,North,Ouest,Est,1480,7.2,2019
Aylmer,North,Est,Ouest,1770,5.4,2019
Masson-Angers,Du Progrès / de Saint-Martin,Est,Ouest,780,4.2,2019
Masson-Angers,Rue du Progrès,Ouest,Est,990,6.4,2019
Aylmer,Chemin Fraser,Ouest,Sud,2010,3.7,2019
Aylmer,Chemin Fraser,Est,Nord,2170,2.9,2019
Hull,Chemin Freeman,Ouest,Ouest,3460,6.6,2019
Hull,Chemin Freeman,Est,Est,3740,4.9,2019
Gatineau,Rue Nobert,Est,Ouest,1660,6.5,2019
Gatineau,Rue Nobert,Ouest,Est,1400,8.2,2019
Masson-Angers,Rue du Progrès,Ouest,Est,540,6.7,2019
Masson-Angers,Rue du Progrès,Est,Ouest,690,7.5,2019
Gatineau,Rue Saint-Rosaire,NA,Sud-Est,1500,4.4,2019
Gatineau,Rue Saint-Rosaire,Nord-Ouest,Sud,1500,6.4,2019
Gatineau,Rue de Monté-Carlo,Sud-Ouest,Est,2400,6.8,2019
Gatineau,Rue de Monté-Carlo,Nord-Est,Ouest,2400,5.1,2019
Gatineau,Rue Saint-Rosaire,Nord,Sud,1900,4.5,2019
Gatineau,Rue Saint-Rosaire,Sud,Nord,1900,6.7,2019
Gatineau,Rue Nobert,Nord,Sud,1080,14.6,2019
Gatineau,Rue Nobert,Sud,Nord,700,11.4,2019
Gatineau,Chemin de la Savane,Est,Ouest,5500,6,2019
Gatineau,Chemin de la Savane,Ouest,Est,5500,6,2019
Gatineau,Rue de Cannes,Sud,Nord,2600,9.2,2019
Gatineau,Rue de Cannes,Nord,Sud,2600,9.2,2019
Aylmer,Rue Front,Sud,Nord,4600,6.4,2019
Aylmer,Rue Front,Nord,Sud,4600,12.9,2019
Gatineau,Rue Ernest-Gaboury,Nord,Sud,2800,8.7,2019
Gatineau,Rue Ernest-Gaboury,Sud,Nord,2800,9.3,2019
Aylmer,Rue Coleman,Sud-Est,Nord-Ouest,200,7.3,2019
Aylmer,Rue Coleman,Nord-Ouest,Sud-Est,200,7.3,2019
Aylmer,Rue du Chablis,Sud,Nord,1500,3.2,2019
Aylmer,Rue du Chablis,Nord,Sud,1500,5.2,2019
Hull,Montclair,Est,Ouest,2300,12.5,2019
Hull,Montclair,Ouest,Est,2300,12.5,2019
Gatineau,Rue A.-Gibeault,Est,Ouest,2900,7.2,2019
Gatineau,Rue A.-Gibeault,Ouest,Est,2900,7.2,2019
Gatineau,Rue Davidson ouest,Est,Ouest,5000,6.8,2019
Gatineau,Rue Davidson ouest,Ouest,Est,5000,6.8,2019
Gatineau,Rue Joseph-Demontigny,Est,Ouest,700,11.7,2019
Gatineau,Rue Joseph-Demontigny,Ouest,Est,700,11.1,2019
Gatineau,Rue Laviolette,Nord,Sud,800,8.3,2019
Gatineau,Rue Laviolette,Sud,Nord,800,8.3,2019
Gatineau,Rue Sainte-Rose,Ouest,Est,2400,9.5,2019
Gatineau,Rue Sainte-Rose,Est,Ouest,2400,9.5,2019
Masson-Angers,Chemin de Montréal ouest,Ouest,Est,7100,13.7,2019
Masson-Angers,Chemin de Montréal ouest,Est,Ouest,7100,13.7,2019
Buckingham,Rue Édouard-Charles-Croteau,Ouest,Est,300,8.4,2019
Buckingham,Rue Édouard-Charles-Croteau,Est,Ouest,300,8.4,2019
Gatineau,Rue de Pradet,Est,Ouest,500,11,2019
Gatineau,Rue de Pradet,Ouest,Est,500,11,2019
Gatineau,Rue de Callière,Nord,Sud,400,11.3,2019
Gatineau,Rue de Callière,Sud,Nord,400,11.3,2019
Gatineau,Chemin des Érable,Nord,Sud,3400,7,2019
Gatineau,Chemin des Érables,Sud,Nord,3400,7,2019
Gatineau,Chemin Lebaudy,Sud,Nord,3400,7,2019
Gatineau,Chemin Lebaudy,Nord,Sud,3400,7,2019
Hull,Boulevard du Mont-Bleu,Est,Ouest,6200,10.6,2019
Hull,Boulevard du Mont-Bleu,Ouest,Est,6200,10.6,2019
Aylmer,Chemin Vanier,Nord,Sud,4400,7.4,2019
Aylmer,Chemin Vanier,Sud,Nord,4400,7.4,2019
Aylmer,Rue Émile-Zola,Nord,Sud,100,10.6,2019
Aylmer,Rue Émile-Zola,Sud,Nord,100,10.6,2019
Aylmer,Rue de la Croissée,Ouest,Est,600,8.2,2019
Aylmer,Rue de la Croisée,Est,Ouest,600,8.2,2019
Aylmer,Rue Lake,Nord,Sud,600,21.4,2019
Aylmer,Rue Lake,Sud,Nord,600,21.4,2019
Aylmer,Wilfrid-Lavigne,Sud,Nord,4200,6.7,2019
Aylmer,Wilfrid-Lavigne,Nord,Sud,4200,6.7,2019
Aylmer,Rue Forest,Nord,Sud,100,12.4,2019
Aylmer,Rue Forest,Sud,Nord,100,12.4,2019
Aylmer,Rue Nelson,Est,Ouest,200,13.9,2019
Aylmer,Rue Nelson,Ouest,Est,200,13.9,2019
Gatineau,Rue Poirier,Sud,Nord,200,18.9,2019
Gatineau,Rue Poirier,Nord,Sud,200,18.9,2019
Gatineau,Rue de Salernes,Est,Ouest,300,11.3,2019
Gatineau,Rue de Salernes,Ouest,Est,300,11.3,2019
Gatineau,Rue de Grenoble,Sud,Nord,500,7.8,2019
Gatineau,Rue de Grenoble,Nord,Sud,500,7.8,2019
Gatineau,Rue Henri-Dunant,Sud,Nord,300,9.5,2019
Gatineau,Rue Henri-Dunant,Nord,Sud,300,9.5,2019
Gatineau,Rue Royal-Brassard,Sud,Nord,500,7.9,2019
Gatineau,Rue Royal-Brassard,Nord,Sud,500,7.9,2019
Gatineau,Chemin de Bellechasse,Ouest,Est,5200,6.8,2019
Gatineau,Chemin de Bellechasse,Est,Ouest,5200,6.8,2019
Aylmer,Rue Jean-De La Fontaine,Sud,Nord,1100,7.5,2019
Aylmer,Rue Jean-De La Fontaine,Nord,Sud,1100,7.5,2019
Hull,Rue Saint-Jean-Bosco,Ouest,Est,2800,5.1,2019
Hull,Rue Saint-Jean-Bosco,Est,Ouest,2800,5.1,2019
Buckingham,Rue Joseph,Ouest,Est,4000,13.9,2019
Buckingham,Rue Joseph,Est,Ouest,4000,13.9,2019
Gatineau,Rue Main,Nord,Sud,12500,2.9,2019
Gatineau,Rue Main,Sud,Nord,12500,2.9,2019
Hull,Rue Saint-Rédempteur,Nord,Sud,4100,6,2019
Hull,Rue Saint-Rédempteur,Nord,Sud,4100,6,2019
Aylmer,Rue du Verger,Est,Ouest,2600,6.5,2019
Aylmer,Rue du Verger,Ouest,Est,2600,6.5,2019
Gatineau,Boulevard Hurtubise,Est,Ouest,300,12.9,2019
Gatineau,Boulevard Hurtubise,Ouest,Est,300,12.9,2019
Gatineau,Boulevard Hurtubise,Est,Ouest,800,8.7,2019
Gatineau,Boulevard Hurtubise,Ouest,Est,800,8.7,2019
Gatineau,Boulevard Hurtubise,Est,Ouest,700,7.5,2019
Gatineau,Boulevard Hurtubise,Ouest,Est,700,5.5,2019
Gatineau,Boulevard Hurtubise,Est,Ouest,700,8.1,2019
Gatineau,Boulevard Hurtubise,Ouest,Est,700,8.1,2019
Gatineau,Boulevard Hurtubise,Est,Ouest,300,6.4,2019
Gatineau,Boulevard Hurtubise,Ouest,Est,300,6.4,2019
Masson-Angers,Rue des Bernaches,Sud,Nord,100,5.1,2019
Masson-Angers,Rue des Bernaches,Nord,Sud,100,5.1,2019
Buckingham,Rue Bertrand,Nord,Sud,1800,8,2019
Buckingham,Rue Bertrand,Sud,Nord,1800,8,2019
Buckingham,Rue Bertrand,Est,Ouest,4200,7.2,2019
Buckingham,Rue Bertrand,Ouest,Est,4200,7.2,2019
Masson-Angers,Rue des Samares,Sud,Nord,600,6.9,2019
Masson-Angers,Rue des Samares,Nord,Sud,600,6.9,2019
Buckingham,Rue Churchill,Est,Ouest,710,9.7,2019
Buckingham,Rue Churchill,Ouest,Est,830,8.8,2019
Gatineau,Rue Clermont,Sud,Nord,500,6.5,2019
Gatineau,Rue Clermont,Nord,Sud,500,6.5,2019
Gatineau,Rue Iberville,Est,Ouest,300,9.3,2019
Gatineau,Rue Iberville,Ouest,Est,300,9.3,2019
Gatineau,Boulevard La Vérendrye Ouest,Ouest,Est,31600,4.4,2019
Gatineau,Boulevard La Vérendrye ouest,Est,Ouest,31600,4.4,2019
Gatineau,Rue du Sommelier,Ouest,Est,400,23.8,2019
Gatineau,Rue du Sommelier,Est,Ouest,400,23.8,2019
Gatineau,Rue du Sommelier,Sud,Nord,200,38.9,2019
Gatineau,Rue du Sommelier,Nord,Sud,200,38.9,2019
Gatineau,Rue du Sommelier,Ouest,Est,200,44.2,2019
Gatineau,Rue du Sommelier,Est,Ouest,200,44.2,2019
Gatineau,Chemin Lebaudy,Nord,Sud,1700,11.4,2019
Gatineau,Chemin Lebaudy,Sud,Nord,1700,11.4,2019
Gatineau,Rue de Saint-Vallier,Est,Ouest,800,11.4,2019
Gatineau,Rue de Saint-Vallier,Ouest,Est,800,11.4,2019
Aylmer,Chemin Perry,Nord,Sud,1100,6,2019
Aylmer,Chemin Perry,Sud,Nord,1100,6,2019
Aylmer,Chemin Cook,Ouest,Est,600,4.6,2019
Aylmer,Chemin Cook,Est,Ouest,600,4.6,2019
Aylmer,Rue du Renard,Ouest,Est,200,5.9,2019
Aylmer,Rue du Renard,Est,Ouest,200,5.9,2019
Aylmer,Rue d'AUgusta,Nord,Sud,700,5.5,2019
Aylmer,Rue d'AUgusta,Sud,Nord,700,5.5,2019
Aylmer,Chemin Allen,Nord,Sud,6400,2.4,2019
Aylmer,Chemin Allen,Sud,Nord,6400,2.4,2019
Aylmer,Rue Victor-Beaudry,Nord,Sud,2500,4.6,2019
Aylmer,Rue Victor-Beaudry,Sud,Nord,2500,4.6,2019
Aylmer,Rue Félix-Leclerc,Nord,Sud,500,13.4,2019
Aylmer,Rue Félix-Leclerc,Sud,Nord,500,13.4,2019
Hull,Rue Duquesne,Ouest,Est,1000,4.5,2019
Aylmer,Boulevard Lucerne,Est,Ouest,9000,8.1,2019
Aylmer,Boulevard Lucerne,Ouest,Est,9000,8.1,2019
Aylmer,Rue Adélard-Sauvé,Ouest,Est,100,5.3,2019
Aylmer,Adelard-Sauvé,NA,Ouest,200,6.9,2020
Aylmer,Adelard-Sauvé,NA,Est,200,6.9,2020
Aylmer,Arbutus,NA,Ouest,300,27.4,2020
Aylmer,Arbutus,NA,Est,300,27.4,2020
Aylmer,Arthur-Croteau,NA,Ouest,1000,10,2020
Aylmer,Arthur-Croteau,NA,Est,1000,10,2020
Aylmer,Bagot,NA,Ouest,1400,10.7,2020
Aylmer,Bagot,NA,Est,1400,10.7,2020
Aylmer,Beaulac,NA,Nord,1100,10.3,2020
Aylmer,Beaulac,NA,Sud,1100,10.3,2020
Aylmer,Beaupré,NA,Nord,400,14.4,2020
Aylmer,Beaupré,NA,Sud,400,14.4,2020
Aylmer,Bordeaux,NA,Sud,2300,7,2020
Aylmer,Bordeaux,NA,Nord,2300,7,2020
Aylmer,Bordeaux,NA,Nord,2600,6.8,2020
Aylmer,Bordeaux,NA,Sud,2600,6.8,2020
Aylmer,Broad,NA,Sud,4000,4.4,2020
Aylmer,Broad,NA,Nord,4000,4.4,2020
Aylmer,Broad,NA,Sud,2100,7.2,2020
Aylmer,Broad,NA,Nord,2100,7.2,2020
Aylmer,Chablis,NA,Nord,1300,3.7,2020
Aylmer,Chablis,NA,Sud,1300,3.7,2020
Aylmer,Cook,NA,Ouest,600,8.7,2020
Aylmer,Cook,NA,Est,600,8.7,2020
Aylmer,Court,NA,Nord,200,2.5,2020
Aylmer,Court,NA,Sud,200,2.5,2020
Aylmer,Elizabeth,NA,Sud,1000,3.8,2020
Aylmer,Elizabeth,NA,Nord,1000,3.8,2020
Aylmer,Front,NA,Sud,5300,7.7,2020
Aylmer,Front,NA,Nord,5300,7.7,2020
Aylmer,Front,NA,Sud,4900,6.5,2020
Aylmer,Front,NA,Nord,4900,6.5,2020
Aylmer,Front,NA,Sud,4400,4.6,2020
Aylmer,Front,NA,Nord,4400,4.6,2020
Aylmer,Grande-Allée,NA,Sud,400,12.2,2020
Aylmer,Grande-Allée,NA,Nord,400,12.2,2020
Aylmer,Hautes-Rives,NA,Nord,600,4.2,2020
Aylmer,Hautes-Rives,NA,Sud,600,4.2,2020
Aylmer,Hautes-Rives,NA,Nord,1000,6.7,2020
Aylmer,Hautes-Rives,NA,Sud,1000,6.7,2020
Aylmer,Lattion,NA,Sud,2000,7.5,2020
Aylmer,Lattion,NA,Nord,2000,7.5,2020
Aylmer,Lattion,NA,Ouest,3100,4.4,2020
Aylmer,Lattion,NA,Est,3100,4.4,2020
Aylmer,Lord-Aylmer,NA,Ouest,2100,4,2020
Aylmer,Lord-Aylmer,NA,Est,2100,4,2020
Aylmer,Lord-Aylmer,NA,Ouest,2400,6.3,2020
Aylmer,Lord-Aylmer,NA,Est,2400,6.3,2020
Aylmer,Prentiss,NA,Sud,200,6,2020
Aylmer,Prentiss,NA,Nord,200,6,2020
Aylmer,Principale,NA,Ouest,4600,5.3,2020
Aylmer,Principale,NA,Est,4600,5.3,2020
Aylmer,Queen's Park,NA,Ouest,500,6.6,2020
Aylmer,Queen's Park,NA,Est,500,6.6,2020
Aylmer,Riverview,NA,Nord,200,11.2,2020
Aylmer,Riverview,NA,Sud,200,11.2,2020
Aylmer,Robert-Wright,NA,Ouest,400,8,2020
Aylmer,Robert-Wright,NA,Est,400,8,2020
Aylmer,Thomas,NA,Ouest,400,6.4,2020
Aylmer,Thomas,NA,Est,400,6.4,2020
Aylmer,Woods,NA,Sud,500,5.1,2020
Aylmer,Woods,NA,Nord,500,5.1,2020
Aylmer,Avenue de la Colline,NA,Sud,2000,7.4,2020
Aylmer,Avenue de la Colline,NA,Nord,2000,7.4,2020
Aylmer,Beaumont,NA,Sud,300,11.6,2020
Aylmer,Beaumont,NA,Sud,400,8.4,2020
Aylmer,Beaumont,NA,Nord,400,8.4,2020
Aylmer,Beaumont,NA,Nord,300,11.6,2020
Aylmer,Bretagne,NA,Sud,500,15.5,2020
Aylmer,Bretagne,NA,Nord,500,15.5,2020
Aylmer,Christophe-Colomb,NA,Ouest,400,2.7,2020
Aylmer,Christophe-Colomb,NA,Est,400,2.7,2020
Aylmer,Jean-Louis-Morin,NA,Est,200,1.8,2020
Aylmer,Jean-Louis-Morin,NA,Ouest,200,1.8,2020
Aylmer,John-Egan,NA,Nord,500,8.2,2020
Aylmer,John-Egan,NA,Sud,500,8.2,2020
Aylmer,Klock,NA,Nord,4800,9.3,2020
Aylmer,Klock,NA,Sud,4800,9.3,2020
Aylmer,LaCasse,NA,Nord,200,6.6,2020
Aylmer,LaCasse,NA,Sud,200,6.6,2020
Aylmer,Maurice-Martel,NA,Ouest,100,8,2020
Aylmer,Maurice-Martel,NA,Est,100,8,2020
Aylmer,North,NA,Ouest,2300,6.7,2020
Aylmer,North,NA,Est,2300,6.7,2020
Aylmer,North,NA,Est,2900,1.8,2020
Aylmer,North,NA,Ouest,2900,1.8,2020
Aylmer,North,NA,Est,2900,1.8,2020
Aylmer,North,NA,Ouest,2900,1.8,2020
Aylmer,Ours-Noir,NA,Sud,500,13.9,2020
Aylmer,Ours-Noir,NA,Nord,600,10.4,2020
Aylmer,Ours-Noir,NA,Sud,600,10.4,2020
Aylmer,Ours-Noir,NA,Nord,500,13.9,2020
Aylmer,Raton-laveur,NA,Nord,1300,11.9,2020
Aylmer,Raton-laveur,NA,Sud,1300,11.9,2020
Aylmer,Rédemptoriste,NA,Est,700,5.7,2020
Aylmer,Rédemptoriste,NA,Ouest,700,5.7,2020
Aylmer,Thuyas,NA,Nord,600,9.4,2020
Aylmer,Thuyas,NA,Sud,600,9.4,2020
Aylmer,Tilleuls,NA,Ouest,800,5.8,2020
Aylmer,Tilleuls,NA,Est,800,5.8,2020
Aylmer,Vallon,NA,Sud,1100,14.5,2020
Aylmer,Vallon,NA,Nord,1100,14.5,2020
Aylmer,Verger,NA,Est,2800,2.4,2020
Aylmer,Verger,NA,Ouest,2800,2.4,2020
Aylmer,Verger,NA,Est,1900,2.1,2020
Aylmer,Verger,NA,Est,1900,3.5,2020
Aylmer,Verger,NA,Ouest,1900,2.1,2020
Aylmer,Verger,NA,Ouest,1900,3.5,2020
Aylmer,Wilfrid-Lavigne,NA,Nord,6300,2.8,2020
Aylmer,Wilfrid-Lavigne,NA,Sud,6300,2.8,2020
Aylmer,Arthur-Quesnel,NA,Nord,300,9.2,2020
Aylmer,Arthur-Quesnel,NA,Sud,300,9.2,2020
Aylmer,Atholl-Doune,NA,Nord,200,13.9,2020
Aylmer,Atholl-Doune,NA,Sud,200,13.9,2020
Aylmer,Atholl-Doune,NA,Nord,1000,5.8,2020
Aylmer,Atholl-Doune,NA,Sud,1000,5.8,2020
Aylmer,Attikamek,NA,Ouest,2500,1.5,2020
Aylmer,Attikamek,NA,Est,2500,1.5,2020
Aylmer,Elgin,NA,Ouest,800,13.6,2020
Aylmer,Elgin,NA,Est,800,13.6,2020
Aylmer,Foley,NA,Nord,300,7,2020
Aylmer,Foley,NA,Sud,300,7,2020
Aylmer,Gérald-Dubois,NA,Nord,200,6.2,2020
Aylmer,Gérald-Dubois,NA,Nord,200,3.2,2020
Aylmer,Gérald-Dubois,NA,Sud,200,6.2,2020
Aylmer,Gérald-Dubois,NA,Sud,200,3.2,2020
Aylmer,Glenwood,NA,Est,600,6.1,2020
Aylmer,Glenwood,NA,Ouest,600,6.1,2020
Aylmer,Guilford-Booth,NA,Nord,300,8.7,2020
Aylmer,Guilford-Booth,NA,Sud,300,8.7,2020
Aylmer,Jean-Gascon,NA,Nord,100,15.6,2020
Aylmer,Jean-Gascon,NA,Sud,100,15.6,2020
Aylmer,Lionel-Renaud,NA,Sud,300,9.9,2020
Aylmer,Lionel-Renaud,NA,Nord,300,9.9,2020
Aylmer,Lucerne,NA,Ouest,11600,3.8,2020
Aylmer,Lucerne,NA,Est,11600,3.8,2020
Aylmer,McConnell,NA,Ouest,4700,2.8,2020
Aylmer,McConnell,NA,Est,4700,2.8,2020
Aylmer,Robert-Stewart,NA,Nord,1000,7.1,2020
Aylmer,Robert-Stewart,NA,Sud,1000,7.1,2020
Aylmer,Vanier,NA,Nord,8500,6.9,2020
Aylmer,Vanier,NA,Sud,8500,6.9,2020
Aylmer,Victor-Beaudry,NA,Nord,1400,2.6,2020
Aylmer,Victor-Beaudry,NA,Sud,1400,2.6,2020
Aylmer,Victor-Beaudry,NA,Nord,2000,5.8,2020
Aylmer,Victor-Beaudry,NA,Sud,2000,5.8,2020
Aylmer,Art-Moderne,NA,Ouest,300,5.6,2020
Aylmer,Art-Moderne,NA,Est,300,5.6,2020
Aylmer,Atmosphère,NA,Nord,1600,5.1,2020
Aylmer,Atmosphère,NA,Sud,1600,5.1,2020
Hull,Millar & Hadley,Nord,Sud,700,10.4,2021
Hull,Millar & Hadley,Nord,Nord,700,10.4,2021
Hull,Millar & Hadley,Est,Ouest,100,9.8,2021
Hull,Millar & Hadley,Est,Est,100,9.8,2021
Hull,Millar & Hadley,Sud,Nord,500,6.8,2021
Hull,Millar & Hadley,Sud,Sud,500,6.8,2021
Hull,Millar & Hadley,Ouest,Est,400,6.6,2021
Hull,Millar & Hadley,Ouest,Ouest,400,6.6,2021
Gatineau,Lafrance & Nobert,Nord,Sud,100,5.8,2021
Gatineau,Lafrance & Nobert,Nord,Nord,100,5.8,2021
Gatineau,Lafrance & Nobert,Est,Ouest,2500,5.8,2021
Gatineau,Lafrance & Nobert,Est,Est,2500,5.8,2021
Gatineau,Lafrance & Nobert,Sud,Nord,2300,1.4,2021
Gatineau,Lafrance & Nobert,Sud,Sud,2300,1.4,2021
Gatineau,Lafrance & Nobert,Ouest,Est,2700,5.7,2021
Gatineau,Lafrance & Nobert,Ouest,Ouest,2700,5.7,2021
Aylmer,Front & Raton-Laveur (1er comptage),Nord,Sud,1400,5.2,2021
Aylmer,Front & Raton-Laveur (1er comptage),Nord,Nord,1400,5.2,2021
Aylmer,Front & Raton-Laveur (1er comptage),Est,Ouest,2100,6.8,2021
Aylmer,Front & Raton-Laveur (1er comptage),Est,Est,2100,6.8,2021
Aylmer,Front & Raton-Laveur (1er comptage),Sud,Nord,0,0,2021
Aylmer,Front & Raton-Laveur (1er comptage),Sud,Sud,0,0,2021
Aylmer,Front & Raton-Laveur (1er comptage),Ouest,Est,1700,6.2,2021
Aylmer,Front & Raton-Laveur (1er comptage),Ouest,Ouest,1700,6.2,2021
Hull,Wright & Taylor,Nord,Sud,100,7.7,2021
Hull,Wright & Taylor,Nord,Nord,100,7.7,2021
Hull,Wright & Taylor,Est,Ouest,200,4.6,2021
Hull,Wright & Taylor,Est,Est,200,4.6,2021
Hull,Wright & Taylor,Sud,Nord,0,0,2021
Hull,Wright & Taylor,Sud,Sud,0,0,2021
Hull,Wright & Taylor,Ouest,Est,100,1.4,2021
Hull,Wright & Taylor,Ouest,Ouest,100,1.4,2021
Gatineau,Lebaudy & Le Gallois,Nord,Sud,100,3.3,2021
Gatineau,Lebaudy & Le Gallois,Nord,Nord,100,3.3,2021
Gatineau,Lebaudy & Le Gallois,Est,Ouest,2000,9.2,2021
Gatineau,Lebaudy & Le Gallois,Est,Est,2000,9.2,2021
Gatineau,Lebaudy & Le Gallois,Sud,Nord,2200,7,2021
Gatineau,Lebaudy & Le Gallois,Sud,Sud,2200,7,2021
Gatineau,Lebaudy & Le Gallois,Ouest,Est,300,2,2021
Gatineau,Lebaudy & Le Gallois,Ouest,Ouest,300,2,2021
Aylmer,Front & Raton-Laveur (2ième comptage),Nord,Sud,3000,4.6,2021
Aylmer,Front & Raton-Laveur (2ième comptage),Nord,Nord,3000,4.6,2021
Aylmer,Front & Raton-Laveur (2ième comptage),Est,Ouest,3200,6.8,2021
Aylmer,Front & Raton-Laveur (2ième comptage),Est,Est,3200,6.8,2021
Aylmer,Front & Raton-Laveur (2ième comptage),Sud,Nord,0,0,2021
Aylmer,Front & Raton-Laveur (2ième comptage),Sud,Sud,0,0,2021
Aylmer,Front & Raton-Laveur (2ième comptage),Ouest,Est,2900,6.9,2021
Aylmer,Front & Raton-Laveur (2ième comptage),Ouest,Ouest,2900,6.9,2021
Gatineau,Nobert & Sauternes,Nord,Sud,1300,1.6,2021
Gatineau,Nobert & Sauternes,Nord,Nord,1300,1.6,2021
Gatineau,Nobert & Sauternes,Est,Ouest,4600,3.5,2021
Gatineau,Nobert & Sauternes,Est,Est,4600,3.5,2021
Gatineau,Nobert & Sauternes,Sud,Nord,400,0,2021
Gatineau,Nobert & Sauternes,Sud,Sud,400,0,2021
Gatineau,Nobert & Sauternes,Ouest,Est,5100,3.4,2021
Gatineau,Nobert & Sauternes,Ouest,Ouest,5100,3.4,2021
Gatineau,Paquette & D'Aoust,Nord,Sud,2100,1.2,2021
Gatineau,Paquette & D'Aoust,Nord,Nord,2100,1.2,2021
Gatineau,Paquette & D'Aoust,Est,Ouest,1000,2,2021
Gatineau,Paquette & D'Aoust,Est,Est,1000,2,2021
Gatineau,Paquette & D'Aoust,Sud,Nord,700,2.1,2021
Gatineau,Paquette & D'Aoust,Sud,Sud,700,2.1,2021
Gatineau,Paquette & D'Aoust,Ouest,Est,2600,1.6,2021
Gatineau,Paquette & D'Aoust,Ouest,Ouest,2600,1.6,2021
Hull,Chemin de la Montagne & Grives,Nord,Sud,0,0,2021
Hull,Chemin de la Montagne & Grives,Nord,Nord,0,0,2021
Hull,Chemin de la Montagne & Grives,Est,Ouest,4600,3,2021
Hull,Chemin de la Montagne & Grives,Est,Est,4600,3,2021
Hull,Chemin de la Montagne & Grives,Sud,Nord,2300,2.3,2021
Hull,Chemin de la Montagne & Grives,Sud,Sud,2300,2.3,2021
Hull,Chemin de la Montagne & Grives,Ouest,Est,4500,2.7,2021
Hull,Chemin de la Montagne & Grives,Ouest,Ouest,4500,2.7,2021
Aylmer,Eardley & Édouard-Gagnon,Nord,Sud,300,1.9,2021
Aylmer,Eardley & Édouard-Gagnon,Nord,Nord,300,1.9,2021
Aylmer,Eardley & Édouard-Gagnon,Est,Ouest,7200,3.4,2021
Aylmer,Eardley & Édouard-Gagnon,Est,Est,7200,3.4,2021
Aylmer,Eardley & Édouard-Gagnon,Sud,Nord,1000,1.6,2021
Aylmer,Eardley & Édouard-Gagnon,Sud,Sud,1000,1.6,2021
Aylmer,Eardley & Édouard-Gagnon,Ouest,Est,6600,3.5,2021
Aylmer,Eardley & Édouard-Gagnon,Ouest,Ouest,6600,3.5,2021
Aylmer,Raoul-Roy & Brook,Nord,Sud,1500,5.2,2021
Aylmer,Raoul-Roy & Brook,Nord,Nord,1500,5.2,2021
Aylmer,Raoul-Roy & Brook,Est,Ouest,1400,5.4,2021
Aylmer,Raoul-Roy & Brook,Est,Est,1400,5.4,2021
Aylmer,Raoul-Roy & Brook,Sud,Nord,500,0.8,2021
Aylmer,Raoul-Roy & Brook,Sud,Sud,500,0.8,2021
Aylmer,Raoul-Roy & Brook,Ouest,Est,0,0,2021
Aylmer,Raoul-Roy & Brook,Ouest,Ouest,0,0,2021
Hull,Louise-Campagna & Cygnes,Nord,Sud,100,10,2021
Hull,Louise-Campagna & Cygnes,Nord,Nord,100,10,2021
Hull,Louise-Campagna & Cygnes,Est,Ouest,4000,5,2021
Hull,Louise-Campagna & Cygnes,Est,Est,4000,5,2021
Hull,Louise-Campagna & Cygnes,Sud,Nord,700,3.6,2021
Hull,Louise-Campagna & Cygnes,Sud,Sud,700,3.6,2021
Hull,Louise-Campagna & Cygnes,Ouest,Est,3400,5.4,2021
Hull,Louise-Campagna & Cygnes,Ouest,Ouest,3400,5.4,2021
Aylmer,Amérique Française & Vanier,Nord,Sud,7500,13.1,2021
Aylmer,Amérique Française & Vanier,Nord,Nord,7500,13.1,2021
Aylmer,Amérique Française & Vanier,Est,Ouest,2000,6.1,2021
Aylmer,Amérique Française & Vanier,Est,Est,2000,6.1,2021
Aylmer,Amérique Française & Vanier,Sud,Nord,7900,12.7,2021
Aylmer,Amérique Française & Vanier,Sud,Sud,7900,12.7,2021
Aylmer,Amérique Française & Vanier,Ouest,Est,0,0,2021
Aylmer,Amérique Française & Vanier,Ouest,Ouest,0,0,2021
Gatineau,Bel-Air & Chiasson,Nord,Sud,600,2.6,2021
Gatineau,Bel-Air & Chiasson,Nord,Nord,600,2.6,2021
Gatineau,Bel-Air & Chiasson,Est,Ouest,1700,3.5,2021
Gatineau,Bel-Air & Chiasson,Est,Est,1700,3.5,2021
Gatineau,Bel-Air & Chiasson,Sud,Nord,0,0,2021
Gatineau,Bel-Air & Chiasson,Sud,Sud,0,0,2021
Gatineau,Bel-Air & Chiasson,Ouest,Est,1500,3.3,2021
Gatineau,Bel-Air & Chiasson,Ouest,Ouest,1500,3.3,2021
Gatineau,Boul. Saint-René & Frères Vachon & Paul-Laframboise,Nord,Sud,3700,6.6,2021
Gatineau,Boul. Saint-René & Frères Vachon & Paul-Laframboise,Nord,Nord,3700,6.6,2021
Gatineau,Boul. Saint-René & Frères Vachon & Paul-Laframboise,Est,Ouest,400,2.3,2021
Gatineau,Boul. Saint-René & Frères Vachon & Paul-Laframboise,Est,Est,400,2.3,2021
Gatineau,Boul. Saint-René & Frères Vachon & Paul-Laframboise,Sud,Nord,4100,4,2021
Gatineau,Boul. Saint-René & Frères Vachon & Paul-Laframboise,Sud,Sud,4100,4,2021
Gatineau,Boul. Saint-René & Frères Vachon & Paul-Laframboise,Ouest,Est,400,5.4,2021
Gatineau,Boul. Saint-René & Frères Vachon & Paul-Laframboise,Ouest,Ouest,400,5.4,2021
Gatineau,Cheval-Blanc & Frégate,Nord,Sud,7000,3.5,2021
Gatineau,Cheval-Blanc & Frégate,Nord,Nord,7000,3.5,2021
Gatineau,Cheval-Blanc & Frégate,Est,Ouest,0,0,2021
Gatineau,Cheval-Blanc & Frégate,Est,Est,0,0,2021
Gatineau,Cheval-Blanc & Frégate,Sud,Nord,6400,2.8,2021
Gatineau,Cheval-Blanc & Frégate,Sud,Sud,6400,2.8,2021
Gatineau,Cheval-Blanc & Frégate,Ouest,Est,3400,3.2,2021
Gatineau,Cheval-Blanc & Frégate,Ouest,Ouest,3400,3.2,2021
Aylmer,Lucerne & Chemin Garden,Nord,Sud,800,3.5,2021
Aylmer,Lucerne & Chemin Garden,Nord,Nord,800,3.5,2021
Aylmer,Lucerne & Chemin Garden,Est,Ouest,12800,1.5,2021
Aylmer,Lucerne & Chemin Garden,Est,Est,12800,1.5,2021
Aylmer,Lucerne & Chemin Garden,Sud,Nord,1200,8.7,2021
Aylmer,Lucerne & Chemin Garden,Sud,Sud,1200,8.7,2021
Aylmer,Lucerne & Chemin Garden,Ouest,Est,12900,1.6,2021
Aylmer,Lucerne & Chemin Garden,Ouest,Ouest,12900,1.6,2021
Gatineau,Ernest-Gaboury & Morency,Nord,Sud,4700,5.9,2021
Gatineau,Ernest-Gaboury & Morency,Nord,Nord,4700,5.9,2021
Gatineau,Ernest-Gaboury & Morency,Est,Ouest,1400,4.8,2021
Gatineau,Ernest-Gaboury & Morency,Est,Est,1400,4.8,2021
Gatineau,Ernest-Gaboury & Morency,Sud,Nord,6100,4.2,2021
Gatineau,Ernest-Gaboury & Morency,Sud,Sud,6100,4.2,2021
Gatineau,Ernest-Gaboury & Morency,Ouest,Est,400,1,2021
Gatineau,Ernest-Gaboury & Morency,Ouest,Ouest,400,1,2021
Gatineau,Sillery & Pierrefonds & Entrée Garderie/Parc,Nord,Sud,3800,3.9,2021
Gatineau,Sillery & Pierrefonds & Entrée Garderie/Parc,Nord,Nord,3800,3.9,2021
Gatineau,Sillery & Pierrefonds & Entrée Garderie/Parc,Est,Ouest,400,3.6,2021
Gatineau,Sillery & Pierrefonds & Entrée Garderie/Parc,Est,Est,400,3.6,2021
Gatineau,Sillery & Pierrefonds & Entrée Garderie/Parc,Sud,Nord,4400,2.3,2021
Gatineau,Sillery & Pierrefonds & Entrée Garderie/Parc,Sud,Sud,4400,2.3,2021
Hull,Montpetit (Sens Unique),NA,Nord,400,4.1,2022
Gatineau,Atmec,Ouest,Est,2900,6.4,2022
Hull,Laval,Sud,Nord,1700,4.5,2022
Aylmer,Parker,Sud,Nord,900,3.2,2022
Gatineau,d'Auvergne,Ouest,Est,500,15,2022
Aylmer,Félix-Leclerc,Nord,Sud,300,3.3,2022
Gatineau,Guindon,Nord,Sud,500,3.3,2022
Aylmer,John,Nord,Sud,100,5.4,2022
Hull,Charlevoix (Sens Unique),Ouest,NA,300,1.9,2022
Gatineau,Oak,Sud,Nord,1000,2.4,2022
Hull,Millar,Nord,Sud,200,7.3,2022
Gatineau,Notre-Dame,Est,Ouest,5000,4.3,2022
Gatineau,Reine-Élisabeth,Est,Ouest,700,6.1,2022
Gatineau,Lemay,Sud,Sud,500,15.4,2022
Gatineau,Davidson Ouest,Est,Ouest,5300,4.4,2022
Gatineau,Saint-Alexandre,Est,Ouest,1300,4.6,2022
Aylmer,Boulevard Europe,Sud,Nord,4000,5.3,2022
Hull,Dussault,Ouest,Est,2300,5.2,2022
Aylmer,Paysans,Sud,Nord,300,3.4,2022
Aylmer,Nébuleuse,Est,Ouest,500,1.9,2022
Gatineau,Davidson Ouest,Ouest,Est,5300,4.4,2022
Gatineau,Nobert,Ouest,Est,3100,5.8,2022
Gatineau,Chemin St-Amour,Nord,Sud,1500,13,2022
Aylmer,Winston-Churchill,Est,Ouest,1000,4.8,2022
Aylmer,Osgoode,Ouest,Est,200,8.6,2022
Gatineau,Sommelier,Nord,Sud,400,20.2,2022
Buckingham,Labre,Nord,Sud,100,2,2022
Gatineau,André-Ménard,Ouest,Est,300,11.8,2022
Gatineau,Lotbinière,Sud,Nord,500,2.1,2022
Gatineau,Chemin des Érables,Nord,Sud,3000,4.4,2022
Gatineau,A-Gibeault,Ouest,Est,2300,4.3,2022
Hull,Citadelle,Sud,Nord,700,3.4,2022
Hull,Dussault,Est,Ouest,2300,5.2,2022
Hull,Berri,Sud,Nord,1200,4.3,2022
Aylmer,Riesling,Est,Ouest,1100,1.4,2022
Buckingham,Bertrand,Nord,Sud,1100,4.7,2022
Aylmer,Mozart,Nord,Sud,200,8,2022
Aylmer,McConnell,Ouest,Est,1300,2.1,2022
Gatineau,Savane,Est,Ouest,5600,3.7,2022
Hull,Comète,Nord,Sud,600,5.7,2022
Gatineau,Main,Nord,Sud,400,13.4,2022
Gatineau,Sève,Est,Ouest,600,9.6,2022
Hull,Fortier,Nord,Sud,2000,6.3,2022
Buckingham,Maclaren Est,Sud,Nord,5000,5.9,2022
Aylmer,Amérique-Française,Est,Ouest,2200,7.4,2022
Hull,Millar,Sud,Nord,200,7.3,2022
Gatineau,Pierre-Lafontaine,Est,Ouest,1000,8,2022
Aylmer,Riesling,Ouest,Est,1100,1.4,2022
Gatineau,Leclerc,Ouest,Est,0,0,2022
Gatineau,Cheval-Blanc,Sud,Nord,1800,3.1,2022
Aylmer,Boulevard Europe,Nord,Sud,4000,5.3,2022
Gatineau,Sève,Est,Ouest,800,6,2022
Gatineau,Saint-André,Ouest,Est,300,9.5,2022
Gatineau,Acadie,Est,Ouest,1500,4.7,2022
Gatineau,Pradet,Ouest,Est,500,5.6,2022
Aylmer,Riopelle,Ouest,Est,300,5.2,2022
Gatineau,Mitchell,Nord,Sud,2600,5.5,2022
Aylmer,Thomas-Sayer,Nord,Sud,300,12.1,2022
Aylmer,Amérique-Française,Ouest,Est,1900,6.7,2022
Gatineau,Jacques-Cartier,Est,Ouest,4400,3.5,2022
Gatineau,André-Ménard,Est,Ouest,300,11.8,2022
Gatineau,Pradet,Sud,Nord,100,9.5,2022
Aylmer,Saint-Malo,Sud,Nord,0,9.5,2022
Aylmer,Riopelle,Est,Ouest,300,5.2,2022
Hull,Dôme,Nord,Sud,500,5.2,2022
Masson-Angers,Neuville,Est,Ouest,2500,6.8,2022
Aylmer,Winston-Churchill,Ouest,Est,1000,4.8,2022
Hull,Gamelin,Ouest,Est,5800,5.1,2022
Gatineau,Canipco,Est,Ouest,800,5.7,2022
Gatineau,Cannes,Ouest,Est,2100,9.9,2022
Gatineau,Montebello,Ouest,Est,300,9.8,2022
Aylmer,Barcelone,Ouest,Est,100,11.5,2022
Aylmer,Paysans,Nord,Sud,300,3.4,2022
Aylmer,Artisans,Ouest,Est,600,7,2022
Gatineau,Gréber,Ouest,Est,6300,5.4,2022
Aylmer,Pergame,Ouest,Est,300,8.1,2022
Gatineau,Sucres,Nord,Sud,2100,5.9,2022
Gatineau,Saint-René Est,Ouest,Est,9400,5.9,2022
Aylmer,Verger,Est,Ouest,1300,4.5,2022
Aylmer,Bourgeau Sud,Est,Ouest,200,4.1,2022
Aylmer,Nancy-Elliott,Est,Ouest,900,8.4,2022
Gatineau,Boulevard Labrosse,Sud,NA,600,2,2022
Aylmer,Katimavik,Sud,Nord,2700,3.7,2022
Aylmer,Chablis,Nord,Sud,700,1.5,2022
Gatineau,Graveline,Ouest,Est,4300,3,2022
Buckingham,Chemin Donaldson,Nord,Sud,2400,7.6,2022
Aylmer,d'Orsay,Nord,Sud,500,4.7,2022
Aylmer,Principale,Est,Ouest,12500,5.1,2022
Aylmer,Beaumarchais,Sud,Nord,200,5.5,2022
Hull,Bériault,Ouest,Est,1700,6.3,2022
Buckingham,Maclaren Est,Nord,Sud,5700,3.4,2022
Hull,Labelle,Sud,Nord,1600,5.9,2022
Gatineau,Pradet,Est,Ouest,500,5.6,2022
Gatineau,Frégate,Ouest,Est,2100,3.6,2022
Aylmer,Anvers,Sud,Nord,600,8.1,2022
Buckingham,Bertrand,Ouest,Est,3100,6,2022
Hull,Gravité,Nord,Sud,1000,3.4,2022
Gatineau,Leclerc,Est,Ouest,0,0,2022
Gatineau,Georges-Vanier,Sud,Nord,800,5.1,2022
Hull,Montpetit (Sens Unique),Nord,NA,400,4.1,2022
Aylmer,Victor-Beaudry,Nord,Sud,1200,5.8,2022
Gatineau,Berthiaume,Ouest,Est,100,9.8,2022
Aylmer,Raton-Laveur,Sud,Nord,1000,13.7,2022
Gatineau,Touraine,Sud,Nord,1400,7.1,2022
Hull,Millar,Nord,Sud,200,5,2022
Hull,Isabelle,Ouest,Est,7100,5.9,2022
Gatineau,Davidson Ouest,Ouest,Est,4900,4.6,2022
Gatineau,Provence,Nord,Sud,400,9.5,2022
Aylmer,Pergame,Est,Ouest,300,8.1,2022
Masson-Angers,Becs-Scie,Nord,Sud,800,5.4,2022
Aylmer,Impasse de l'Excursion,Ouest,Est,100,3.4,2022
Gatineau,Main,Sud,Nord,400,13.4,2022
Gatineau,Montebello,Est,Ouest,300,9.8,2022
Aylmer,Vanier (2ième comptage),Nord,Sud,800,15.3,2022
Gatineau,Isaac-Jogues,Est,Ouest,200,7,2022
Masson-Angers,Georges,Sud,Nord,12500,4.6,2022
Hull,Larose,Nord,Sud,300,8.1,2022
Aylmer,Chemin de la Montagne,NA,Sud,1700,3.3,2022
Aylmer,Chemin Perry,NA,Sud,500,5,2022
Aylmer,Verger,Est,Ouest,2000,7.4,2022
Masson-Angers,Forteresse,Sud,Nord,2200,9.7,2022
Hull,Boulevard Riel,Est,Ouest,2300,6.4,2022
Hull,Laval,Nord,Sud,1700,4.5,2022
Gatineau,Antoine,Nord,Sud,400,6.3,2022
Gatineau,Abbé-Ginguet,Sud,Nord,200,4,2022
Aylmer,Samuel-Edey,Nord,Sud,6100,3.2,2022
Aylmer,Avenue des Artisans,Nord,Sud,800,4.2,2022
Aylmer,Pine,Nord,Sud,1100,11.9,2022
Gatineau,Hillcrest,Est,Ouest,2000,2.5,2022
Aylmer,Impasse de l'Excursion,Est,Ouest,100,3.4,2022
Aylmer,Nébuleuse,Est,Ouest,700,5.2,2022
Hull,Boulevard Lucerne,Ouest,Est,1000,3.4,2022
Gatineau,Davidson Ouest,Est,Ouest,4900,4.6,2022
Gatineau,Antoine,Sud,Nord,400,6.3,2022
Gatineau,Cannes,Nord,Sud,4300,4.5,2022
Aylmer,John,Sud,Nord,100,5.4,2022
Aylmer,Front,Est,Ouest,2300,4.9,2022
Aylmer,Amsterdam,Sud,Nord,1300,9.7,2022
Hull,Hormidas-Dupuis,Sud,Nord,400,3.6,2022
Aylmer,Bourgeau Sud,Ouest,Est,200,4.1,2022
Gatineau,Saint-René Est,Est,Ouest,9400,5.9,2022
Aylmer,Avenue des Artisans,Ouest,Est,700,3.4,2022
Aylmer,Jean-Delisle,Ouest,Est,700,2.4,2022
Hull,Gravité,Sud,Nord,1000,3.4,2022
Hull,Lemieux,Nord,Sud,200,5.5,2022
Buckingham,Dollard,Sud,Nord,3100,5.9,2022
Gatineau,Boulevard Labrosse,Nord,NA,500,3.5,2022
Gatineau,Jacques-Cartier,Ouest,Est,4400,3.5,2022
Gatineau,Nobert,Sud,Nord,700,1.2,2022
Hull,Isabelle,Est,Ouest,7100,5.9,2022
Non précisé,Vanier & Vernon,Ouest,Ouest,0,0,2023
Non précisé,Vanier & Vernon,Est,Ouest,900,13.6,2023
Non précisé,Verger & Hibou,Est,Ouest,3600,1.7,2023
Non précisé,Verger & Hibou,Sud,Nord,1100,2.6,2023
Non précisé,St-Joseph & Montclair,Sud,Sud,7800,4.8,2023
Non précisé,Terrasse Eardley & Edward-Langton-Quirck,Ouest,Est,0,0,2023
Non précisé,Graveline & Gouin,Nord,Sud,0,0,2023
Non précisé,Georges & Jean-Bastiste Routhier,Ouest,Ouest,800,3,2023
Non précisé,St-Joseph & Montclair,Ouest,Est,9400,4.5,2023
Non précisé,Jean Proulx & Deveault,Nord,Sud,9400,8.9,2023
Non précisé,Malony & Greber,Nord,Sud,29000,2.1,2023
Non précisé,Montagne & Brises,Ouest,Ouest,700,1.3,2023
Non précisé,Greber & Accès 355 Gréber,Sud,Sud,25000,1.9,2023
Non précisé,Carrière&Edmonton&Atawe,Ouest,Ouest,4300,11.6,2023
Non précisé,Vanier & Vernon,Sud,Sud,3100,6.9,2023
Non précisé,Montcalm & Wellington,Sud,Sud,8700,6.2,2023
Non précisé,Eardley & Hautes-Rives,Ouest,Ouest,5600,3.8,2023
Non précisé,Dalton & Sous-Bois,Nord,Nord,1200,4.3,2023
Non précisé,Verger & Hibou,Est,Est,3600,1.7,2023
Non précisé,St-Joseph & Montclair,Est,Est,17300,4.1,2023
Non précisé,Front&Fabrique,Est,Est,800,1.8,2023
Non précisé,Verendye & du Barry,Ouest,Ouest,37000,2.8,2023
Non précisé,Mont-Bleu & Marcoux,Ouest,Est,6200,7.6,2023
Non précisé,Laverendrye & Paquette,Sud,Nord,300,7.2,2023
Non précisé,Montagne & Brises,Est,Est,0,0,2023
Non précisé,Carrière&Adrien-Robert,Est,Ouest,0,0,2023
Non précisé,Verendrye & Cité,Nord,Sud,3100,10.6,2023
Non précisé,Neuville & Petit Village,Est,Ouest,0,0,2023
Non précisé,Front&Fabrique,Nord,Nord,4100,3.9,2023
Non précisé,Maisonneuve & Verdun,Est,Ouest,1100,2.8,2023
Non précisé,Vanier & Pink,Ouest,Est,4800,17.9,2023
Non précisé,Eardley & Hautes-Rives,Sud,Nord,1000,0.7,2023
Non précisé,Eddy & Wellington,Est,Ouest,2500,1.2,2023
Non précisé,Eddy & Wellington,Nord,Nord,2000,4.2,2023
Non précisé,Laverendrye & Lafrance,Ouest,Est,16100,3,2023
Non précisé,Dalton & Sous-Bois,Sud,Sud,800,6.2,2023
Non précisé,Eardley & Hautes-Rives,Sud,Sud,1000,0.7,2023
Non précisé,Greber &Orleans,Est,Est,2100,4.4,2023
Non précisé,Lionel-Émond & Camille Gay,Nord,Nord,400,0.5,2023
Non précisé,Verger & Hibou,Nord,Nord,0,0,2023
Non précisé,D'Auvergne & Provence,Ouest,Ouest,0,0,2023
Non précisé,Vanier & Pink,Est,Ouest,6300,21.6,2023
Non précisé,Greber & Verendrye,Nord,Sud,17600,1.8,2023
Non précisé,Montcalm & Wright,Ouest,Ouest,500,2.5,2023
Non précisé,Jean Proulx & Deveault,Ouest,Ouest,1800,14.2,2023
Non précisé,D'Auvergne & Provence,Nord,Nord,1500,5.7,2023
Non précisé,Front & Verger,Ouest,Est,0,0,2023
Non précisé,Plateau & Livepool,Est,Est,0,0,2023
Non précisé,Laverendrye & A-50,Sud,Nord,11000,1.9,2023
Non précisé,Plateau & Marigot,Ouest,Est,1200,2.1,2023
Non précisé,D'Auvergne & Provence,Est,Ouest,400,8.3,2023
Non précisé,Neuville & Petit Village,Sud,Nord,200,0,2023
Non précisé,Principale & Parker,Ouest,Est,4200,3.5,2023
Non précisé,Dalton & Sous-Bois,Est,Ouest,1000,7.5,2023
Non précisé,Greber & Accès 355 Gréber,Est,Ouest,1800,0.9,2023
Non précisé,Maisonneuve & Alumettière,Est,Est,14900,3.8,2023
Non précisé,Lionel-Émond & Camille Gay,Sud,Sud,400,0.5,2023
Non précisé,Plateau & Marigot,Est,Est,0,0,2023
Non précisé,Amsterdam & Barcelone,Est,Est,1200,6.4,2023
Non précisé,Doucet & St Mélanie,Sud,Sud,1000,1.2,2023
Non précisé,Dalton & Sous-Bois,Nord,Sud,1200,4.3,2023
Non précisé,Émile Zola & Paul Claudel,Sud,Nord,400,2.4,2023
Non précisé,Doucet & St Mélanie,Nord,Nord,0,0,2023
Non précisé,Eddy & Wellington,Nord,Sud,2000,4.2,2023
Non précisé,Verendye & du Barry,Est,Est,33400,2.7,2023
Non précisé,Greber & Verendrye,Nord,Nord,17600,1.8,2023
Non précisé,Greber & Accès 355 Gréber,Ouest,Ouest,0,0,2023
Non précisé,de Canne & Saint Vallier ( au sud de Cavillion),Est,Est,0,0,2023
Non précisé,Amsterdam & Barcelone,Sud,Sud,0,0,2023
Non précisé,Laverendrye & A-50,Est,Est,37200,2.7,2023
Non précisé,Moussette & Brodeur,Est,Ouest,700,0,2023
Non précisé,Front&Fabrique,Sud,Nord,6700,3.3,2023
Non précisé,Moussette & Brodeur,Sud,Sud,1500,0,2023
Non précisé,McConnell & Manoirs,Nord,Sud,1100,5.5,2023
Non précisé,Vanier & Pink,Sud,Nord,4000,9.3,2023
Non précisé,de Canne & Saint Vallier ( au sud de Cavillion),Sud,Nord,4900,3.2,2023
Non précisé,Parker & Symmes,Sud,Nord,400,2.5,2023
Non précisé,Atmosphere & Grives,Sud,Nord,9600,3.2,2023
Non précisé,Greber & Accès 355 Gréber,Est,Est,1800,0.9,2023
Non précisé,Europe & Ganymede,Sud,Nord,3700,3.1,2023
Non précisé,Verendye & du Barry,Nord,Sud,3400,1.5,2023
Non précisé,Paiment & Bellechasse,Est,Ouest,0,0,2023
Non précisé,Laverendrye & A-50,Ouest,Est,34900,2.6,2023
Non précisé,Greber &Orleans,Nord,Nord,23300,2.2,2023
Non précisé,Sacré-Cœur & St-Rédempteur,Nord,Sud,18200,0,2023
Non précisé,Bellehumeur&Lamarche,Ouest,Ouest,4800,1.2,2023
Non précisé,Verendye & Ernest Gaboury,Nord,Nord,6000,2.9,2023
Non précisé,Laverendrye & A-50,Est,Ouest,37200,2.7,2023
Non précisé,St-Rédempteur & Wright,Est,Est,400,4.5,2023
Non précisé,Greber&StRené,Est,Est,8900,2.4,2023
Non précisé,Bellehumeur&Lamarche,Nord,Sud,10400,2.4,2023
Non précisé,Montcalm & Wellington,Est,Ouest,4300,3,2023
Non précisé,Labrosse & O'Farrell,Nord,Nord,15400,4.4,2023
Non précisé,Sacré-Cœur & St-Rédempteur,Ouest,Est,800,0,2023
Non précisé,Amsterdam & Barcelone,Sud,Nord,0,0,2023
Non précisé,Doucet & St Mélanie,Est,Ouest,1200,3.2,2023
Non précisé,Lionel-Émond & Camille Gay,Est,Ouest,100,0,2023
Non précisé,Labrosse & O'Farrell,Est,Est,0,0,2023
Non précisé,Front&Fabrique,Est,Ouest,800,1.8,2023
Non précisé,Paiment & Bellechasse,Ouest,Est,4800,3.2,2023
Non précisé,St-René est & Marcelle-Ferron,Ouest,Est,10800,4.3,2023
Non précisé,Greber &Orleans,Est,Ouest,2100,4.4,2023
Non précisé,Eddy & Wellington,Ouest,Ouest,4400,3.4,2023
Non précisé,Sacré-Cœur & St-Rédempteur,Sud,Sud,11400,0,2023
Non précisé,Montcalm & Papineau,Ouest,Est,13500,4.7,2023
Non précisé,Parker & Symmes,Nord,Sud,300,3.9,2023
Non précisé,Maisonneuve & Verdun,Nord,Sud,35100,3.8,2023
Non précisé,Georges & Jean-Bastiste Routhier,Sud,Nord,7100,3.6,2023
Non précisé,Europe & Ganymede,Nord,Nord,3400,3.3,2023
Non précisé,Laverendrye & A-50,Ouest,Ouest,34900,2.6,2023
Non précisé,Sommelier & piste cylable,Nord,Nord,0,0,2023
Non précisé,Neuville & Margaux,Sud,Sud,0,0,2023
Non précisé,Greber&StRené,Sud,Nord,15300,2.2,2023
Non précisé,Amsterdam & Barcelone,Nord,Sud,200,2.6,2023
Non précisé,Mont-Bleu & Marcoux,Nord,Sud,1200,2.3,2023
Non précisé,Mont-Bleu & Marcoux,Est,Ouest,6300,7.5,2023
Non précisé,de Canne & Saint Vallier ( au sud de Cavillion),Ouest,Ouest,800,2.7,2023
Non précisé,Maisonneuve & Verdun,Ouest,Est,1400,2.6,2023
Non précisé,Neuville & Petit Village,Ouest,Ouest,600,0,2023
Non précisé,Vanier & Pink,Ouest,Ouest,4800,17.9,2023
Non précisé,Georges & Jean-Bastiste Routhier,Nord,Sud,7200,4.6,2023
Non précisé,Laverendrye & Lafrance,Est,Est,14500,3.1,2023
Non précisé,Georges & Jean-Bastiste Routhier,Nord,Nord,7200,4.6,2023
Non précisé,Greber & Verendrye,Ouest,Est,23800,1.9,2023
Non précisé,Montagne & Brises,Ouest,Est,700,1.3,2023
Non précisé,Laverendrye & Lafrance,Sud,Nord,3200,3.3,2023
Non précisé,Neuville & Margaux,Ouest,Ouest,7100,2.7,2023
Non précisé,Labrosse & St René,Est,Est,14100,7.2,2023
Non précisé,Wellington & Leduc,Sud,Nord,1700,1.4,2023
Non précisé,Front & Verger,Est,Est,1400,0,2023
Non précisé,Carrière&Adrien-Robert,Ouest,Ouest,2200,12.5,2023
Non précisé,Montcalm & Papineau,Est,Est,11600,5.2,2023
Non précisé,Greber & Verendrye,Ouest,Ouest,23800,1.9,2023
Non précisé,Plateau & Livepool,Nord,Sud,8400,3.2,2023
Non précisé,Laverendrye & Paquette,Est,Ouest,12300,3.9,2023
Non précisé,Jean Proulx & Deveault,Sud,Nord,9300,8.7,2023
Non précisé,Laverendrye & Lafrance,Sud,Sud,3200,3.3,2023
Non précisé,Montcalm & Wright,Est,Ouest,1100,1.9,2023
Non précisé,Eardley & Hautes-Rives,Ouest,Est,5600,3.8,2023
Non précisé,Europe & Ganymede,Nord,Sud,3400,3.3,2023
Non précisé,Verendrye & Cité,Est,Ouest,20600,3.5,2023
Non précisé,Laverendrye & A-50,Nord,Sud,0,0,2023
Non précisé,Montagne & Brises,Est,Ouest,0,0,2023
Non précisé,Labrosse & O'Farrell,Est,Ouest,0,0,2023
Non précisé,Wellington & St-Jacques,Nord,Sud,900,1.4,2023
Non précisé,Carrière&Edmonton&Atawe,Sud,Nord,15200,9.9,2023
Non précisé,Greber & Accès 355 Gréber,Nord,Nord,24600,1.9,2023
Non précisé,Front&Fabrique,Ouest,Ouest,4700,2.3,2023
Non précisé,Greber & la Gappe,Nord,Sud,23600,2.5,2023
Non précisé,Sommelier & piste cylable,Est,Est,0,0,2023
