jeu_id,titre,organisation_id,licence,date_creation,date_modification,nb_ressources,nb_etiquettes
00ec17f8-c7f1-414c-9860-a12bd0c91824,Écocentres et points de dépôt municipaux,0000b004-5e60-4585-b5b1-c0942d829fa5,Attribution (CC-BY 4.0),2023-08-30,2026-02-09,3,6
b10a6f01-320c-4d56-b545-1ee5b70fdaeb,Rampes de mise à l'eau - Ville de Shawinigan,00fde186-c76f-499e-9dfc-ed3c5cec8c71,Attribution (CC-BY 4.0),2026-04-01,2026-04-02,1,12
668b7750-b71a-4b4e-a0b2-c04a7710a2e4,Districts électoraux - Ville de Shawinigan,00fde186-c76f-499e-9dfc-ed3c5cec8c71,Attribution (CC-BY 4.0),2026-04-02,2026-04-02,1,6
32f75a4d-552f-4ca3-ae03-e1512c0420d7,Bâtiments - Ville de Shawinigan,00fde186-c76f-499e-9dfc-ed3c5cec8c71,Attribution (CC-BY 4.0),2026-04-02,2026-04-02,1,5
08123b30-f795-432b-8b4a-13a3925f72f4,Parcs et espaces verts - Ville de Shawinigan,00fde186-c76f-499e-9dfc-ed3c5cec8c71,Attribution (CC-BY 4.0),2024-02-28,2026-04-01,2,3
6813f7dd-8f31-4581-afb5-f5faef10b9b2,Parcs municipaux avec services - Ville de Shawinigan,00fde186-c76f-499e-9dfc-ed3c5cec8c71,Attribution (CC-BY 4.0),2024-02-28,2026-04-01,2,10
8e09581e-6963-4994-bd6d-b952e2be7648,Sentiers de motoneige - Ville de Shawinigan,00fde186-c76f-499e-9dfc-ed3c5cec8c71,Attribution (CC-BY 4.0),2024-02-28,2026-04-01,2,5
c6138a86-5777-4b3a-9b98-067889d90c3b,Sentiers de VTT - Ville de Shawinigan,00fde186-c76f-499e-9dfc-ed3c5cec8c71,Attribution (CC-BY 4.0),2024-02-28,2026-04-01,1,6
3f137d4d-b156-4e77-afed-febd3d5352f4,Sentiers de raquette - Ville de Shawinigan,00fde186-c76f-499e-9dfc-ed3c5cec8c71,Attribution (CC-BY 4.0),2024-02-28,2026-04-01,1,6
83596ebd-5845-4d98-aade-37723eabfad7,Art_public_Îles-de-la-Madeleine,02ac2745-f6ac-432b-aebd-27037cbaa0fb,Attribution (CC-BY 4.0),2023-07-14,2025-11-20,1,3
31748ec7-0afb-41d9-8634-c4cb66390732,Arbres non-répertoriés,06690e08-a712-4ee3-8cff-34ba7ec28aa1,Attribution (CC-BY 4.0),2012-06-06,2026-07-10,4,4
e4915d10-9c33-47a8-8e06-cf39306ef583,Voies publiques,06690e08-a712-4ee3-8cff-34ba7ec28aa1,Attribution (CC-BY 4.0),2012-02-22,2026-07-10,4,4
daa10606-5fdd-4c9b-b5ef-235081690b6e,Lieux publics,06690e08-a712-4ee3-8cff-34ba7ec28aa1,Attribution (CC-BY 4.0),2012-02-22,2026-07-10,4,33
f4e537c5-0be4-4041-8a4c-8d8c940fa238,Intersection de voie publique,06690e08-a712-4ee3-8cff-34ba7ec28aa1,Attribution (CC-BY 4.0),2013-02-06,2026-07-10,4,11
34103a43-3712-4a29-92e1-039e9188e915,Arbres répertoriés,06690e08-a712-4ee3-8cff-34ba7ec28aa1,Attribution (CC-BY 4.0),2012-06-06,2026-07-10,4,4
a0396d6c-baf0-4de9-b1f3-2f8d082335ac,Hydrographie - Cours d'eau linéaires,06690e08-a712-4ee3-8cff-34ba7ec28aa1,Attribution (CC-BY 4.0),2018-01-10,2026-07-05,8,3
5d725484-a008-4c53-a0be-33798b69518d,Hydrographie - Cours d'eau surfaciques,06690e08-a712-4ee3-8cff-34ba7ec28aa1,Attribution (CC-BY 4.0),2018-01-11,2026-07-05,8,2
879abf6e-c6b2-430a-b44a-16335467c6f6,Permis délivrés à la Ville de Québec,06690e08-a712-4ee3-8cff-34ba7ec28aa1,Attribution (CC-BY 4.0),2025-02-11,2026-07-05,3,2
6218a375-a8fe-45ce-959b-22c90a291b0b,Districts électoraux,069cf989-9be8-4aa3-b2b3-3522ac832911,Attribution (CC-BY 4.0),2025-07-09,2025-12-11,3,5
d4541afe-9391-44bf-a78f-dae3c9cf1217,Fichier horaire des données de la situation à l'urgence,0941b44f-88b2-4b11-93fa-32b0d53c0aa0,Attribution (CC-BY 4.0),2016-02-05,2026-07-11,3,7
6d928d3e-7734-45a2-8dcb-08244d455a66,COVID-19 - Portrait quotidien du statut vaccinal des nouveaux cas et des nouvelles hospitalisations,0941b44f-88b2-4b11-93fa-32b0d53c0aa0,Attribution (CC-BY 4.0),2021-09-22,2026-07-10,3,3
a2073e4a-9426-4946-95b5-c560d43c216e,COVID-19 - Portrait quotidien des cas confirmés,0941b44f-88b2-4b11-93fa-32b0d53c0aa0,Attribution (CC-BY 4.0),2020-11-20,2026-07-10,3,5
99517f1f-9e4d-4853-98da-47f7cafb4d77,COVID-19 - Portrait quotidien des hospitalisations,0941b44f-88b2-4b11-93fa-32b0d53c0aa0,Attribution (CC-BY 4.0),2020-09-25,2026-07-10,3,6
9cb41c6c-a925-4185-94c7-ce03734f8dff,COVID-19 - Portrait quotidien de la vaccination,0941b44f-88b2-4b11-93fa-32b0d53c0aa0,Attribution (CC-BY 4.0),2021-04-21,2026-07-08,6,8
b7e297c3-ff0f-4e11-bc0f-2add3cffdd76,Fichier cumulatif des données des urgences,0941b44f-88b2-4b11-93fa-32b0d53c0aa0,Attribution (CC-BY 4.0),2023-12-21,2026-07-05,2,4
51998b55-7d4c-4381-8c20-0ac1cd9c1b87,Fichiers cartographiques M02 des installations et établissements,0941b44f-88b2-4b11-93fa-32b0d53c0aa0,Attribution (CC-BY 4.0),2020-04-03,2026-07-02,6,14
e442a663-e069-4209-a4ba-7bd60f6c5fb4,Répartition des capacités et des services autorisés au permis par installation,0941b44f-88b2-4b11-93fa-32b0d53c0aa0,Attribution (CC-BY 4.0),2018-10-18,2026-06-11,3,12
1d7d1a92-7cba-438b-9e31-e98dedd2f0b8,Stations débit/niveau - Grand public,0bf65c08-1d72-4352-a95c-a677070d4d73,Attribution (CC-BY 4.0),2013-02-21,2026-07-11,7,6
80a9b8e6-6426-44df-bffa-4f02065b81e3,Bureaux régionaux de la sécurité civile et de la sécurité incendie,0bf65c08-1d72-4352-a95c-a677070d4d73,Attribution (CC-BY 4.0),2012-06-21,2026-07-10,6,2
524cbe9b-9a96-42fb-bc7e-f9cdab3cffae,Événements de sécurité civile,0bf65c08-1d72-4352-a95c-a677070d4d73,Attribution (CC-BY 4.0),2020-10-07,2026-07-10,6,5
1f96d039-4d37-437d-bcc6-a6633c0b8fc2,Cartographie des inondations du printemps 2026,0bf65c08-1d72-4352-a95c-a677070d4d73,Attribution (CC-BY 4.0),2026-04-21,2026-07-10,8,2
31a13f95-e506-43ff-9e4b-219d900409ae,Casernes de pompiers,0bf65c08-1d72-4352-a95c-a677070d4d73,Attribution (CC-BY 4.0),2012-06-21,2026-07-10,6,3
6a052cb5-42e6-4735-8626-02f62f1294d0,Desserte des centres d'urgences 9-1-1,0bf65c08-1d72-4352-a95c-a677070d4d73,Attribution (CC-BY 4.0),2015-03-25,2026-07-09,8,1
adfa340a-1781-48b1-ab17-2e1ca1b915df,Mesures préventives en lien avec les feux de forêt,0bf65c08-1d72-4352-a95c-a677070d4d73,Attribution (CC-BY 4.0),2025-03-27,2026-07-06,16,9
87bc7be0-a935-454f-a3db-9dae8a8354ba,Bottin des services de police,0bf65c08-1d72-4352-a95c-a677070d4d73,Attribution (CC-BY 4.0),2017-04-12,2026-06-23,1,2
1a6267da-82ed-4ea0-b35d-9e9618a58ce7,Codes postaux et territoires – table de géolocalisation des codes postaux,0fd1cbe2-46bc-4677-9690-35f5127220e4,Attribution (CC-BY 4.0),2026-02-09,2026-07-07,4,3
1ad9131e-b5c0-4b35-8f47-38b91b80b91d,"Comptes des terres du Québec méridional (changement de la couverture terrestre), mise à jour 2026",0fd1cbe2-46bc-4677-9690-35f5127220e4,Attribution (CC-BY 4.0),2019-02-12,2026-04-22,3,12
839553b2-03f9-4369-b961-6e245ed0de09,"Carte de couverture terrestre à haute résolution du Québec méridional, édition 2026",0fd1cbe2-46bc-4677-9690-35f5127220e4,Attribution (CC-BY 4.0),2026-04-16,2026-04-22,3,4
0734819f-460a-4dcd-9699-5c4c398ab651,"Système de grilles vectorielles pour une infrastructure québécoise de données spatiales, mise à jour 2026",0fd1cbe2-46bc-4677-9690-35f5127220e4,Attribution (CC-BY 4.0),2019-02-21,2026-04-21,2,6
4479a1d9-9eb6-4080-9b4b-f4ab4e3170b4,Fichiers du code géographique du Québec,0fd1cbe2-46bc-4677-9690-35f5127220e4,Attribution (CC-BY 4.0),2020-02-25,2026-03-13,6,5
5a42f74f-f9b9-45fb-a951-0c4942161c22,Géographie du recensement de 2016 harmonisée pour le Québec,0fd1cbe2-46bc-4677-9690-35f5127220e4,Attribution (CC-BY 4.0),2020-02-21,2026-02-09,4,7
5c88fe6f-0e8e-4146-94e7-aaab7cf0ea61,Registre des titulaires de licence de fournisseur de systèmes électroniques en vigueur,1021b38a-91ff-4e42-897a-f160278a3ea7,Attribution (CC-BY 4.0),2026-05-15,2026-07-11,3,0
2222f024-e94d-4976-a11e-1a57ed558f3d,Registre des titulaires de licence de systèmes de loterie en vigueur,1021b38a-91ff-4e42-897a-f160278a3ea7,Attribution (CC-BY 4.0),2022-06-14,2026-07-11,3,0
2180052d-8382-4938-ae14-37f5e594d26f,Registre des titulaires de licence de bingo en vigueur,1021b38a-91ff-4e42-897a-f160278a3ea7,Attribution (CC-BY 4.0),2022-06-02,2026-07-08,3,3
d817c9f7-76c7-44af-882d-0d673056ef86,Registre des titulaires de permis de détaillant d’alcool en vigueur,1021b38a-91ff-4e42-897a-f160278a3ea7,Attribution (CC-BY 4.0),2022-06-03,2026-07-08,3,6
891479b9-e728-4940-8512-09794653c471,Registre des titulaires de permis de fabricant d’alcool en vigueur,1021b38a-91ff-4e42-897a-f160278a3ea7,Attribution (CC-BY 4.0),2022-06-03,2026-06-18,3,13
dfad1e74-ecff-492a-9676-f593c7a2c9a2,Registre des titulaires de licence d’exploitant d’appareils d’amusement en vigueur  et des demandeurs,1021b38a-91ff-4e42-897a-f160278a3ea7,Attribution (CC-BY 4.0),2022-05-10,2026-06-18,4,2
5dfc0cd4-8596-4a9a-933a-65b79a5b5a6d,Registre des titulaires de licence relative aux courses de chevaux en vigueur,1021b38a-91ff-4e42-897a-f160278a3ea7,Attribution (CC-BY 4.0),2022-06-01,2026-06-18,3,3
777a8cfc-9d97-4959-b89a-37c07f11dd5c,Desserte Sûreté du Québec,10a424d3-2b57-4fd0-a92d-69aa9cf189c6,Attribution (CC-BY 4.0),2019-03-06,2026-02-27,8,2
89fdc53c-cf70-485f-ab1a-9b10044d9f15,État des stations,15f2f4fc-9d79-433b-b690-28592221edb4,Attribution (CC-BY 4.0),2016-04-14,2026-07-11,1,5
e7cd6412-a544-48cf-8e56-7bc1502716de,Historique des déplacements,15f2f4fc-9d79-433b-b690-28592221edb4,Attribution (CC-BY 4.0),2016-04-14,2026-04-01,1,6
53d2e529-25e4-4d30-b914-069147ad5402,Réhabilitation des sites contaminés sous la responsabilité de l'État,17272a8d-c6a0-479e-a10e-01ba602f3d98,Attribution (CC-BY 4.0),2023-05-19,2026-01-29,3,6
8baf4fa8-da8d-4a2c-a787-b0ef648c2f35,Statistiques fiscales des sociétés,17272a8d-c6a0-479e-a10e-01ba602f3d98,Attribution (CC-BY 4.0),2022-07-25,2026-01-19,2,3
f94cd34c-8202-4cfe-9610-6ae10bf34bc3,Comptes publics du gouvernement – Volume 2,17272a8d-c6a0-479e-a10e-01ba602f3d98,Attribution (CC-BY 4.0),2023-06-20,2025-10-21,15,7
55b05d9f-93d1-450f-a8b9-c761b0c001a8,Comptes publics du gouvernement – Volume 1,17272a8d-c6a0-479e-a10e-01ba602f3d98,Attribution (CC-BY 4.0),2022-01-24,2025-10-21,1,12
be36f85e-e419-4978-9c34-cb5795622595,"Liste des centres de la petite enfance (CPE), garderies et bureaux coordonnateurs en fonction",181a210b-d36a-4e63-95c2-dd8685d7cd32,Attribution (CC-BY 4.0),2019-03-29,2026-07-03,1,9
ed951823-4179-415b-bb25-b009320450e6,Liste des bureaux coordonnateurs de la garde éducative en milieu familial,181a210b-d36a-4e63-95c2-dd8685d7cd32,Attribution (CC-BY 4.0),2019-03-29,2026-07-03,1,9
1d291579-a5ec-41e6-af4b-c8dfa293c025,Films disponibles à BAnQ (sur support physique),193c8a13-04c9-46d6-8543-0178a62d5986,Attribution (CC-BY 4.0),2022-11-08,2026-07-10,2,4
9724834a-d6c5-4838-af8d-7b006f92f128,Documents publiés au Québec,193c8a13-04c9-46d6-8543-0178a62d5986,Attribution (CC-BY 4.0),2021-04-06,2026-07-10,2,4
54bd180f-3c66-41e1-a3b0-bd176cd9bb2d,Auteurs (personnes et organismes) ayant publié au Québec,193c8a13-04c9-46d6-8543-0178a62d5986,"Attribution, pas d’utilisation commerciale (CC-BY-NC 4.0)",2024-09-30,2026-06-29,2,4
231a38a8-f28e-4bef-82ea-dc98a14c1b6f,Statistiques des bibliothèques publiques du Québec,193c8a13-04c9-46d6-8543-0178a62d5986,Attribution (CC-BY 4.0),2023-02-03,2025-10-10,19,5
a5a36aa3-1b1a-4dd1-a78b-23008e368ef7,Bottin des bibliothèques publiques,193c8a13-04c9-46d6-8543-0178a62d5986,Attribution (CC-BY 4.0),2017-08-16,2025-09-18,1,2
93d640ec-d059-4768-b7ed-388604b278aa,Banque de prénoms - Garçons,1af75e93-8841-4472-b86a-0859258c8cce,Attribution (CC-BY 4.0),2024-06-17,2026-06-18,1,6
13db2583-427a-4e5f-b679-8532d3df571f,Banque de prénoms - Filles,1af75e93-8841-4472-b86a-0859258c8cce,Attribution (CC-BY 4.0),2015-06-09,2026-06-18,1,6
321704c6-8e6b-4d25-8115-9e8c07837705,Régime de rentes du Québec,1af75e93-8841-4472-b86a-0859258c8cce,Attribution (CC-BY 4.0),2021-12-20,2025-12-02,10,2
d8853d64-bb8e-47b8-aa56-65c2944608a0,GéoMont - Orthophotographies 2023 - Région de la Montérégie,1cf8468a-f387-48f2-ad71-63638b0516b2,Attribution (CC-BY 4.0),2024-10-17,2025-10-22,5,15
5e1e394a-3acd-4b10-9d38-a6a335660b2e,GéoMont - Orthophotographies 2023 - Région de l'Estrie,1cf8468a-f387-48f2-ad71-63638b0516b2,Attribution (CC-BY 4.0),2024-11-11,2025-10-21,5,16
6975296f-4ff9-4d40-b10c-44ec9d472474,Pistes cyclables,23e2ed49-fd2c-4114-858e-00ddc65304cc,Attribution (CC-BY 4.0),2017-03-09,2025-11-25,5,4
f1e7f552-278d-47d6-89c9-6aa9d3293bd1,Débits de circulation,23e2ed49-fd2c-4114-858e-00ddc65304cc,Attribution (CC-BY 4.0),2025-04-17,2025-11-20,6,2
2d3b5cf8-b347-49c7-ad3b-bd6a9c15e443,Localisation des établissements d'enseignement du réseau scolaire au Québec,290c7e13-a963-4ce4-8c89-b2da75021c18,Attribution (CC-BY 4.0),2017-10-12,2026-07-07,28,8
004de02c-19f1-4da0-9af8-33f893e41972,Indices de défavorisation,290c7e13-a963-4ce4-8c89-b2da75021c18,Attribution (CC-BY 4.0),2020-04-22,2026-07-03,11,4
37d944eb-335b-40fe-8d80-835ff77bc5cb,Territoires des centres de services scolaires et des commissions scolaires du Québec,290c7e13-a963-4ce4-8c89-b2da75021c18,Attribution (CC-BY 4.0),2017-10-16,2026-06-23,19,4
45a08291-6328-430b-874a-22cda898f69b,Enquête La Relance au secondaire en formation professionnelle,290c7e13-a963-4ce4-8c89-b2da75021c18,Attribution (CC-BY 4.0),2023-03-21,2026-03-09,3,4
221d146e-f285-4eb4-9f47-09b4b36cc429,Chantiers - 511,2bcdf999-21a9-4679-9355-a96297631b73,Attribution (CC-BY 4.0),2022-03-14,2026-07-11,5,2
3277d697-ed91-4fe5-850f-e8981d93c4a6,Réseau routier,2bcdf999-21a9-4679-9355-a96297631b73,Attribution (CC-BY 4.0),2020-07-27,2026-07-05,4,7
0258f4db-cbe9-47af-9c56-029c6295c443,Bâtiment,2bcdf999-21a9-4679-9355-a96297631b73,Attribution (CC-BY 4.0),2020-07-28,2026-07-05,4,13
59622b04-1132-4e6c-b63e-36182aa810ae,Adresse ponctuelle,2bcdf999-21a9-4679-9355-a96297631b73,Attribution (CC-BY 4.0),2021-10-15,2026-07-05,4,1
a086941f-22e3-4fe7-a8dc-fe791229d942,Zonage,2bcdf999-21a9-4679-9355-a96297631b73,Attribution (CC-BY 4.0),2021-11-30,2026-07-05,4,2
92fd1b10-66dc-4017-968a-b9b6f232a2e9,Districts électoraux,2bcdf999-21a9-4679-9355-a96297631b73,Attribution (CC-BY 4.0),2020-07-28,2026-05-04,4,7
9d688a5e-1725-4b7e-ad68-21533d6cb36d,Inventaire des arbres répertoriés,2bcdf999-21a9-4679-9355-a96297631b73,Attribution (CC-BY 4.0),2022-09-08,2026-05-03,4,2
bcbe1f4a-6f74-4bbc-b97a-6d64b89bbafc,Bâtiments municipaux,2bcdf999-21a9-4679-9355-a96297631b73,Attribution (CC-BY 4.0),2021-12-02,2026-05-03,4,2
67d85a7a-10af-4af0-b4da-abc64cfd735a,Tableau de bord des projets d'infrastructure de 20 millions de dollars et plus,2c8496be-f549-4c92-8be3-867c948435c0,Attribution (CC-BY 4.0),2020-05-19,2026-07-10,138,1
d23b2e02-085d-43e5-9e6e-e1d558ebfdd5,Système électronique d'appel d'offres (SEAO),2c8496be-f549-4c92-8be3-867c948435c0,Attribution (CC-BY 4.0),2013-06-11,2026-07-06,415,4
40cab1d6-2c7c-4ddc-b38a-71bf9e6f88bc,Reddition de comptes des projets d’infrastructure accélérés,2c8496be-f549-4c92-8be3-867c948435c0,Attribution (CC-BY 4.0),2021-09-29,2026-06-09,23,1
0bda1c4a-89a5-460e-bd29-c105a3bf0e11,Budget de dépenses,2c8496be-f549-4c92-8be3-867c948435c0,Attribution (CC-BY 4.0),2021-10-06,2026-03-24,30,6
983addf4-a7a6-441b-a09a-392157d20ad1,Échelles de traitement,2c8496be-f549-4c92-8be3-867c948435c0,Attribution (CC-BY 4.0),2017-07-19,2026-01-27,5,5
1e9175e1-1227-4268-b139-dc31a02da031,Collection permanente et éducative du Musée des beaux-arts de Sherbrooke,34cb1108-41f8-425c-bf4f-a3c784fd01b0,Attribution (CC-BY 4.0),2025-09-30,2026-03-26,2,11
1076a4fb-b217-4703-921b-dd92671dc03d,Tableau de bord de l’état de santé des projets en ressources informationnelles de l’administration publique,3ddeaf63-a0e9-4f46-8bfc-e789e14042e1,Attribution (CC-BY 4.0),2013-06-19,2026-07-07,96,4
4d1d7428-eaf8-409d-a31a-af426183ae22,Sondage auprès des utilisateurs de Données Québec,3ddeaf63-a0e9-4f46-8bfc-e789e14042e1,Attribution (CC-BY 4.0),2023-02-07,2026-05-22,2,3
0633ff50-ac61-494b-9290-c9bf7cd15550,Portraits de la main-d’œuvre et du recours à des consultantes et des consultants affectés aux ressources informationnelles,3ddeaf63-a0e9-4f46-8bfc-e789e14042e1,Attribution (CC-BY 4.0),2016-09-06,2026-05-14,18,10
1c9131d2-ab2a-4513-9a46-945b2bc96e1b,Portrait public des utilisations de l’IA dans l’administration publique québécoise,3ddeaf63-a0e9-4f46-8bfc-e789e14042e1,Attribution (CC-BY 4.0),2024-11-08,2026-01-27,4,14
20ed36e5-85fb-4409-b272-b1fa1d8c92b3,Portrait de la diffusion des jeux de données municipaux à haute valeur,3ddeaf63-a0e9-4f46-8bfc-e789e14042e1,Attribution (CC-BY 4.0),2019-05-24,2025-08-26,2,3
6f710997-b5f9-4347-893b-1a47ddb61437,Registre des entreprises,40b33c7e-8a48-45d4-9ec7-60f4e5cbffdd,"Attribution, pas d’utilisation commerciale, partage dans les mêmes conditions (CC-BY-NC-SA 4.0)",2016-06-29,2026-07-02,2,11
cbdf887c-2acf-429b-8fb2-ed4f49485d03,Milieux humides RCI,40e646ad-789a-4531-9861-9d4ef212554e,Attribution (CC-BY 4.0),2023-06-15,2026-06-02,6,6
7a0a5009-e884-4645-a16b-3c9b427a51e0,Zones potentiellement exposées aux glissements de terrain,40e646ad-789a-4531-9861-9d4ef212554e,Attribution (CC-BY 4.0),2018-01-22,2026-06-01,6,5
12c51ab4-e22a-4abd-bf90-eaeb274a98c9,Zones inondables,40e646ad-789a-4531-9861-9d4ef212554e,Attribution (CC-BY 4.0),2018-01-22,2026-06-01,6,6
42f741d6-1f7c-47f9-afa8-e84ead34dc5f,Zones de développement urbain,40e646ad-789a-4531-9861-9d4ef212554e,Attribution (CC-BY 4.0),2022-10-27,2026-06-01,6,4
7d00872e-1f60-41cb-8e92-143d7daeb0b4,Zonage,40e646ad-789a-4531-9861-9d4ef212554e,Attribution (CC-BY 4.0),2022-10-27,2026-06-01,6,5
0967bd7a-5115-445e-a2cb-ded5165b5694,Travaux,40e646ad-789a-4531-9861-9d4ef212554e,Attribution (CC-BY 4.0),2019-01-28,2026-06-01,6,4
3ae8f1be-b916-4d37-82d6-1c78769dc74d,Stationnements publics,40e646ad-789a-4531-9861-9d4ef212554e,Attribution (CC-BY 4.0),2018-01-22,2026-06-01,6,4
7d24bea3-f366-4e8b-a56b-24db7dc3cdbc,Sentiers pédestres,40e646ad-789a-4531-9861-9d4ef212554e,Attribution (CC-BY 4.0),2018-01-22,2026-06-01,6,5
d41f625c-1bd3-4202-a8c1-50b573b3ade4,Chantiers routiers,4e77c64b-22f6-469e-ad07-cc427db95171,Attribution (CC-BY 4.0),2016-01-01,2026-07-09,4,4
570ae2a1-3665-4196-9ee0-bb5417d5a08f,Offres d'emploi,4e77c64b-22f6-469e-ad07-cc427db95171,Attribution (CC-BY 4.0),2019-02-21,2026-07-06,3,8
4abee7cc-b3d9-436e-ab13-e3ea31b45b08,Type de milieux du CDU,4e77c64b-22f6-469e-ad07-cc427db95171,Attribution (CC-BY 4.0),2024-04-20,2026-06-18,4,9
89be7457-81b2-4200-9d50-f9ee9fe94fc0,Limites des districts électoraux des dernières élections municipales,4e77c64b-22f6-469e-ad07-cc427db95171,Attribution (CC-BY 4.0),2017-02-13,2026-05-20,4,5
7ff4b7d8-bdab-4292-a161-4edb426ff53c,Limites des sections de vote des dernières élections municipales,4e77c64b-22f6-469e-ad07-cc427db95171,Attribution (CC-BY 4.0),2022-05-10,2026-05-13,4,7
8f75f060-8884-4918-8ebf-dab254326748,Pistes cyclables et piétonnières,4e77c64b-22f6-469e-ad07-cc427db95171,Attribution (CC-BY 4.0),2017-02-13,2026-04-10,4,6
643ce0cd-b239-45f8-a5dc-5f3d8c58ef9b,PIIA vitrine autoroutière du CDU,4e77c64b-22f6-469e-ad07-cc427db95171,Attribution (CC-BY 4.0),2024-04-23,2026-04-10,4,10
dc2de4b0-1985-4982-beca-c432941464db,Zone d'aménagement écologique particulière du CDU,4e77c64b-22f6-469e-ad07-cc427db95171,Attribution (CC-BY 4.0),2024-04-26,2026-04-10,4,12
33befa4d-c037-4d8f-8ac5-5a4c329f9e19,GTFS pour les traverses de la Société des traversiers du Québec,5181394c-5dae-4960-9909-b60b80016f8a,Attribution (CC-BY 4.0),2025-11-26,2025-12-05,1,5
08743563-7672-4710-ab8a-9658096b488d,Orthophotographies Saguenay-Lac-Saint-Jean 2025,53d081fe-aa15-4914-a448-91688a0cadb5,Attribution (CC-BY 4.0),2026-05-14,2026-05-19,8,65
0d7c1c75-4a46-4a65-bf60-5f7847121055,Toponymes officiels,5d511b3d-dad9-4f1a-a56f-3821fc8686bd,Attribution (CC-BY 4.0),2016-03-08,2026-07-09,2,5
160866f2-b0ef-4a8b-aafd-249090b6672a,Toponymes désofficialisés,5d511b3d-dad9-4f1a-a56f-3821fc8686bd,Attribution (CC-BY 4.0),2016-08-24,2026-06-12,2,5
d1829191-4639-498a-b9f8-9aed20b81f48,Odonymes désofficialisés,5d511b3d-dad9-4f1a-a56f-3821fc8686bd,Attribution (CC-BY 4.0),2016-08-24,2026-06-12,2,5
332c8139-4d32-4825-9131-6dea1c7e6b68,Odonymes officiels,5d511b3d-dad9-4f1a-a56f-3821fc8686bd,Attribution (CC-BY 4.0),2016-03-24,2026-06-12,2,5
d023eed0-4e87-48da-9e9f-375dca06b8b5,Noms traditionnels autochtones,5d511b3d-dad9-4f1a-a56f-3821fc8686bd,Attribution (CC-BY 4.0),2020-03-19,2026-03-04,3,6
90d6e5b8-1227-40fa-8390-95a34265c8a4,Membres de l'AGAC,5f1f16de-5dea-4fdc-bdca-79596356c429,Attribution (CC-BY 4.0),2024-11-27,2026-05-13,6,4
66122479-ad0e-4a4d-9cee-475117a29040,Prix Pierre-Ayot,5f1f16de-5dea-4fdc-bdca-79596356c429,Attribution (CC-BY 4.0),2024-11-27,2026-05-13,4,5
aaa3bcd0-c046-4536-bf35-5f72677eb885,Prix Louis-Comtois,5f1f16de-5dea-4fdc-bdca-79596356c429,Attribution (CC-BY 4.0),2024-11-27,2026-05-13,4,5
11a425c9-320a-4963-902c-df10b0c276d9,Conseil d'administration de l'AGAC,5f1f16de-5dea-4fdc-bdca-79596356c429,Attribution (CC-BY 4.0),2024-11-27,2026-05-13,4,6
704af7ba-2dbb-49b9-8ace-bb68a3768fb1,Foire d'art contemporain Plural,5f1f16de-5dea-4fdc-bdca-79596356c429,Attribution (CC-BY 4.0),2024-11-06,2026-05-13,14,7
f6bbdfe1-b9df-4dba-a2bd-5e9bbace8ed5,Liste du financement accordé par le Fonds de recherche du Québec - Santé,602ead8b-80f6-4cd4-9d0a-df7db8427273,"Attribution, pas d’utilisation commerciale (CC-BY-NC 4.0)",2020-02-24,2026-01-30,7,14
d2d92b84-4361-42f0-81eb-3c395bc54597,Transport collectif,6383c687-38a2-4916-a1b9-ff043a3e8a54,Attribution (CC-BY 4.0),2022-12-15,2026-07-07,11,6
b73fbf1a-039c-404b-99dd-3d54a9e50474,Unités d'évaluation,6383c687-38a2-4916-a1b9-ff043a3e8a54,Attribution (CC-BY 4.0),2019-02-21,2026-07-01,4,5
a315e8f8-2e8e-47d3-990d-49f09ecb32d0,Borne d'incendie,6383c687-38a2-4916-a1b9-ff043a3e8a54,Attribution (CC-BY 4.0),2016-12-22,2026-07-01,5,4
6e0f7ad8-f660-40e2-abe0-c63cd3bd3abc,Districts électoraux,6383c687-38a2-4916-a1b9-ff043a3e8a54,Attribution (CC-BY 4.0),2016-11-11,2026-07-01,4,6
6c7471ac-7fde-4ec3-92f9-c2f34a91c305,Parcs et espaces verts,6383c687-38a2-4916-a1b9-ff043a3e8a54,Attribution (CC-BY 4.0),2017-01-17,2026-07-01,4,5
1601c350-6b7f-41fe-80ad-5b9bca4973ed,Art_Public,6383c687-38a2-4916-a1b9-ff043a3e8a54,Attribution (CC-BY 4.0),2020-01-23,2026-07-01,4,6
2c6a7bef-1a27-4f4f-835c-13fbaf9093ed,Secteurs de collecte,6383c687-38a2-4916-a1b9-ff043a3e8a54,Attribution (CC-BY 4.0),2017-01-17,2026-07-01,4,7
d9a66edd-a803-47dd-9554-33e8c04970dc,Réseau wifi,6383c687-38a2-4916-a1b9-ff043a3e8a54,Attribution (CC-BY 4.0),2019-01-30,2026-07-01,4,7
3d4d4536-5b94-4f4f-bb7c-2205ec9287a7,Interventions de la SODEC,65309376-fcc2-46ac-8553-6018ad7a7ba1,Attribution (CC-BY 4.0),2019-10-23,2026-05-28,11,16
e46d2624-7a54-46f1-be5e-6381e478d365,Productions cinématographiques et télévisuelles,65309376-fcc2-46ac-8553-6018ad7a7ba1,Attribution (CC-BY 4.0),2019-10-23,2025-10-27,10,12
3b37042d-e787-475d-9bb0-b9f0d147a7c2,Productions doublées,65309376-fcc2-46ac-8553-6018ad7a7ba1,Attribution (CC-BY 4.0),2019-10-23,2025-10-27,10,11
e9d802c9-beff-403a-8a51-22c3485fd078,Sensibilisation à la chanson et diffusion pour le milieu collégial,65309376-fcc2-46ac-8553-6018ad7a7ba1,Attribution (CC-BY 4.0),2019-10-23,2025-10-27,10,19
e6d75e2f-1822-4008-a715-26058362166a,Tournées de spectacles,65309376-fcc2-46ac-8553-6018ad7a7ba1,Attribution (CC-BY 4.0),2019-10-25,2025-10-27,10,14
233354e9-9679-4453-8b41-d82575fb1787,Information des connexions,65ec9a05-e669-4377-8ab2-a093b5af4688,Attribution (CC-BY 4.0),2015-12-15,2025-11-25,6,5
943608d2-7804-479f-8e26-3451518c261a,Productions théâtrales québécoises - Rappels,6a4d3d7f-6bda-4102-8309-e8e9d7f86717,Attribution (CC-BY 4.0),2025-08-29,2025-11-25,2,1
e19b44d1-24e2-4449-acfb-ab5721ea2f27,Données administratives des coopératives non financières,6bf4d98e-8d75-4cf3-81e4-38075b1652c0,Attribution (CC-BY 4.0),2019-02-04,2026-01-20,9,9
3aa1dce8-9d07-4274-b9d0-a92d5e066141,Projets d’infrastructure de recherche approuvés par le gouvernement du Québec,6bf4d98e-8d75-4cf3-81e4-38075b1652c0,Attribution (CC-BY 4.0),2019-03-19,2025-07-30,3,8
142ff2e9-7d0a-47d6-b4f6-dfeb97041daf,Compteurs cyclistes permanents,6e1f26e1-da99-4de4-a1db-c851e805a2d3,Attribution (CC-BY 4.0),2025-06-04,2026-07-11,22,6
3e9f7b96-3f25-4404-a5ad-22d9a31060e6,RSQA - indice de la qualité de l'air temps réel (quotidien),6e1f26e1-da99-4de4-a1db-c851e805a2d3,Attribution (CC-BY 4.0),2013-10-17,2026-07-11,3,5
91ec9195-19b2-4cc5-a3c7-8e295a30ad68,Statistiques d'utilisation du site web de la Ville de Montréal (montreal.ca),6e1f26e1-da99-4de4-a1db-c851e805a2d3,Attribution (CC-BY 4.0),2022-06-03,2026-07-11,3,4
b89fd27d-4b49-461b-8e54-fa2b34a628c4,Arbres publics sur le territoire de la Ville,6e1f26e1-da99-4de4-a1db-c851e805a2d3,Attribution (CC-BY 4.0),2020-05-01,2026-07-11,6,5
0b871076-93d3-4247-9f04-21495fd2bee4,Résultats du dépistage des entrées de service en plomb réalisé par un Palintest,6e1f26e1-da99-4de4-a1db-c851e805a2d3,Attribution (CC-BY 4.0),2020-10-20,2026-07-11,2,4
667342f7-f667-4c3c-9837-65e81312cd8d,Entraves et travaux en cours (anciennement Info-travaux),6e1f26e1-da99-4de4-a1db-c851e805a2d3,Attribution (CC-BY 4.0),2013-10-12,2026-07-11,3,6
ef6ce312-9737-4253-8b25-94ba17eec23e,"Calendrier des séances du comité exécutif, conseil municipal et conseil d'agglomération",6e1f26e1-da99-4de4-a1db-c851e805a2d3,Attribution (CC-BY 4.0),2024-06-14,2026-07-11,1,5
e9321c33-fa45-42fd-a373-74222ce13d60,Banque de nom Toponym'Elles,6e1f26e1-da99-4de4-a1db-c851e805a2d3,Attribution (CC-BY 4.0),2022-03-01,2026-07-11,2,2
14d93d62-16bf-48da-ae4f-4be21a32e2ad,Registre des entreprises non admissibles aux contrats publics (RENA),737e8d6f-a3bd-4f40-89ff-ec0d96d00753,Attribution (CC-BY 4.0),2015-05-01,2026-07-08,3,0
1c6567bf-8995-40b9-84a4-50faabae12f4,Données linguistiques et terminologiques tirées de la Vitrine linguistique,7c0251fd-f17a-4621-8d73-8902096e4b46,"Attribution, pas d’utilisation commerciale, partage dans les mêmes conditions (CC-BY-NC-SA 4.0)",2024-12-12,2026-07-10,3,2
f29e95bb-6e6d-480d-9a34-6327aa4da633,Entreprises non conformes au processus de francisation,7c0251fd-f17a-4621-8d73-8902096e4b46,Attribution (CC-BY 4.0),2021-10-18,2026-07-10,1,10
12b932d4-2c84-443f-8d5e-a267b02e26b1,Présence des personnes immigrantes,7e899dd4-dafe-4e73-8f92-d5822bcae8ef,Attribution (CC-BY 4.0),2021-12-09,2026-06-02,73,1
23f8d075-4574-4238-a3d1-f3ba5674fce0,Registre québécois des consultants en immigration,7e899dd4-dafe-4e73-8f92-d5822bcae8ef,Attribution (CC-BY 4.0),2019-03-29,2026-05-27,1,4
81c11e9a-ae9b-4238-aa6b-1fba60d9c5b9,Portraits annuels des admissions permanentes au Québec,7e899dd4-dafe-4e73-8f92-d5822bcae8ef,Attribution (CC-BY 4.0),2022-02-18,2025-12-10,49,1
dd2328a3-6033-4389-acdd-48ff87580a76,Planification des admissions des personnes immigrantes au Québec pour les années 2024 et 2025,7e899dd4-dafe-4e73-8f92-d5822bcae8ef,Attribution (CC-BY 4.0),2023-11-13,2025-11-25,4,5
2b9c7a3c-f655-4e3a-9a53-cc28609e4801,Liste non regroupée des arrêts de travail au Québec,7ea52ce6-384c-4b49-9004-dc666269c4fe,Attribution (CC-BY 4.0),2025-08-29,2026-06-29,11,5
cdbc394b-8c24-4e34-8fc9-35b8b69408a7,Liste regroupée des arrêts de travail au Québec,7ea52ce6-384c-4b49-9004-dc666269c4fe,Attribution (CC-BY 4.0),2017-06-01,2026-06-29,25,5
21f39629-88f1-4cc4-bbef-cb34276d0685,Liste des conventions collectives en vigueur au Québec,7ea52ce6-384c-4b49-9004-dc666269c4fe,Attribution (CC-BY 4.0),2017-04-03,2026-06-15,3,5
496a06df-7bc8-450a-a6cc-9e24dd267987,Indice de croissance des taux de salaire négociés,7ea52ce6-384c-4b49-9004-dc666269c4fe,Attribution (CC-BY 4.0),2015-01-05,2026-04-10,2,2
11030b28-274c-4b05-aee2-d52c9911190b,Documents audiovisuels de consultation de la Cinémathèque québécoise,8284d83e-1b0f-4bd6-8771-6d05262622cc,Attribution (CC-BY 4.0),2026-01-27,2026-02-11,2,1
21686a8e-2713-481b-abc9-b4bd73427c63,Agenda culturel du Grand Théâtre de Québec,836fde8a-a7ee-4f8e-aa74-fbe2434d0713,Attribution (CC-BY 4.0),2015-09-22,2025-11-20,1,0
ea383ac1-9a9c-44d8-89d7-4b533f75e279,Zones industrielles,856b172f-18c3-4a5b-a2bc-ecdccae651d3,Attribution (CC-BY 4.0),2016-06-30,2026-02-09,3,3
aedd53ac-131d-4141-93c4-8d4211eb2d95,Zonage,856b172f-18c3-4a5b-a2bc-ecdccae651d3,Attribution (CC-BY 4.0),2016-06-30,2026-02-09,3,4
fd83974a-c85f-4453-bb5f-17fb0f263e3d,Arrondissements,856b172f-18c3-4a5b-a2bc-ecdccae651d3,Attribution (CC-BY 4.0),2016-06-30,2026-02-09,3,1
af24e9d8-97ad-4a4f-be93-5f19ecae9e78,Voies ferrées,856b172f-18c3-4a5b-a2bc-ecdccae651d3,Attribution (CC-BY 4.0),2016-06-30,2026-02-09,3,2
e4c9f147-51f9-4e5d-85a9-5344188781a0,Bibliothèques,856b172f-18c3-4a5b-a2bc-ecdccae651d3,Attribution (CC-BY 4.0),2016-06-30,2026-02-09,3,1
7c22d077-660a-4180-a558-dbf9c05e844e,Utilisation du sol,856b172f-18c3-4a5b-a2bc-ecdccae651d3,Attribution (CC-BY 4.0),2016-06-30,2026-02-09,3,6
9fef883c-5bbc-4c9b-bc4e-24f50b416d1d,Stations Bixi,856b172f-18c3-4a5b-a2bc-ecdccae651d3,Attribution (CC-BY 4.0),2016-06-30,2026-02-09,3,9
cfda7ad3-5eef-46ad-9212-371ec5739865,Sites archéologiques,856b172f-18c3-4a5b-a2bc-ecdccae651d3,Attribution (CC-BY 4.0),2016-06-30,2026-02-09,3,2
bf40546c-0f04-45be-b039-c6eaa51d3ab5,Avis de grands travaux,89ffd393-6e8c-4055-a172-790b1839a042,Attribution (CC-BY 4.0),2023-05-16,2026-07-11,3,6
85fa8f51-28f6-4163-9d96-eab0b185ec10,Zonage,89ffd393-6e8c-4055-a172-790b1839a042,Attribution (CC-BY 4.0),2022-07-14,2026-07-09,4,3
f3e54b61-5988-450c-9b09-01f823c92242,Sentiers pédestres,89ffd393-6e8c-4055-a172-790b1839a042,Attribution (CC-BY 4.0),2026-05-07,2026-07-06,4,5
e1d8d2e0-b3f8-4274-a117-4294bf27e710,Regards,89ffd393-6e8c-4055-a172-790b1839a042,Attribution (CC-BY 4.0),2022-07-14,2026-07-06,3,2
f6db02b5-13cc-4a59-81a4-063cfda3fc75,Conduites d'égout,89ffd393-6e8c-4055-a172-790b1839a042,Attribution (CC-BY 4.0),2022-07-14,2026-07-06,3,3
c540d295-30f0-4e96-baf5-a631bc681271,Lampadaire,89ffd393-6e8c-4055-a172-790b1839a042,Attribution (CC-BY 4.0),2023-10-11,2026-07-06,4,3
17e9938c-c744-4171-b7bc-53abd7a6d8bc,Réseau routier,89ffd393-6e8c-4055-a172-790b1839a042,Attribution (CC-BY 4.0),2023-03-01,2026-07-06,5,7
aeef7ad2-ab74-473e-818e-e611fd29eb4d,Bouchons,89ffd393-6e8c-4055-a172-790b1839a042,Attribution (CC-BY 4.0),2022-11-01,2026-07-06,3,2
7480fa82-4258-4de8-b410-44adf8cbb916,Informations sur les institutions financières et les agents d’évaluation du crédit,8d4ad35d-9d0b-4a4e-be1f-0cbb344e7d0d,Attribution (CC-BY 4.0),2026-06-23,2026-06-30,6,3
54ff3620-ef80-47fc-b0da-b67deef3ae7a,Cartographie de la répartition actuelle et future du virus du Nil occidental au Québec en contexte de changements climatiques,9547024f-184e-46e0-8806-0b1c330ce39f,Attribution (CC-BY 4.0),2025-07-10,2025-11-20,18,8
963a87c9-3206-4221-b932-2ec5a0bee0e4,Activités minières,95c1ba5b-25ec-405d-8647-3a975d4ac992,Attribution (CC-BY 4.0),2018-02-01,2026-07-11,10,3
01c1866d-ce44-4f4f-a954-947c79e65811,Système d'information forestière par tesselle (SIFORT),95c1ba5b-25ec-405d-8647-3a975d4ac992,Attribution (CC-BY 4.0),2017-11-22,2026-07-10,10,2
56490107-06d9-40d4-aa30-37bfab23e00a,Adresses Québec,95c1ba5b-25ec-405d-8647-3a975d4ac992,Attribution (CC-BY 4.0),2018-02-15,2026-07-09,11,7
50ea1add-c7d3-4425-a695-e49618cf7ffe,Modèles numériques de terrain hydrocohérents à l’échelle régionale,95c1ba5b-25ec-405d-8647-3a975d4ac992,Attribution (CC-BY 4.0),2018-02-22,2026-07-09,13,13
35c88555-9160-4b3f-ac67-2c2319650d82,Couche hypsométrique à l'échelle de 1/20 000,95c1ba5b-25ec-405d-8647-3a975d4ac992,Attribution (CC-BY 4.0),2019-01-30,2026-07-09,6,3
722bfd5d-408e-4127-8008-121905ee24a5,Modèles numériques de terrain à l’échelle de 1/20 000,95c1ba5b-25ec-405d-8647-3a975d4ac992,Attribution (CC-BY 4.0),2019-03-11,2026-07-09,6,7
ba2c19ec-e7c5-468b-83df-c5879263c925,Géobase du réseau hydrographique du Québec à haute résolution (GRHQ-HR),95c1ba5b-25ec-405d-8647-3a975d4ac992,Attribution (CC-BY 4.0),2025-05-16,2026-07-09,5,17
bfbdeb1d-8398-444b-ad78-ab81f9d14e60,Géobase du réseau hydrographique du Québec (GRHQ),95c1ba5b-25ec-405d-8647-3a975d4ac992,Attribution (CC-BY 4.0),2019-11-13,2026-07-09,9,4
f8a454d8-f1ce-440d-b009-913795319321,Orthophotographies 2023 - 2024 - Région de Lanaudière,98d6658f-7be6-4add-b304-5d1262eb5e3e,Attribution (CC-BY 4.0),2025-06-19,2025-09-09,11,70
172e08c8-b25b-4f45-a191-48e960bdfc38,Orthophotographies 2025 de Rouyn-Noranda,aaf8ff55-f7b4-4b11-952f-4c6c07ae4be1,Attribution (CC-BY 4.0),2026-02-18,2026-02-19,6,13
39d94a43-4b6c-4423-930b-4bfdfd1e6b63,Prévisions hydrologiques des débits et niveaux de cours d’eau du Québec méridional,b65dd6f6-8f31-402e-a8e1-8fa4a575065e,Attribution (CC-BY 4.0),2026-02-23,2026-07-11,4,13
02c6e042-c3a4-491d-a9e4-501308548a8e,RSCQ − Données météorologiques horaires récentes,b65dd6f6-8f31-402e-a8e1-8fa4a575065e,Attribution (CC-BY 4.0),2026-03-18,2026-07-11,12,8
8d80e377-c030-412d-923a-1755dd62ff4c,Répertoire des terrains contaminés (GTC),b65dd6f6-8f31-402e-a8e1-8fa4a575065e,Attribution (CC-BY 4.0),2018-04-26,2026-07-11,6,11
d9564fe0-6d50-4f89-b12e-47a461e1f68e,Prélèvements d’eau,b65dd6f6-8f31-402e-a8e1-8fa4a575065e,Attribution (CC-BY 4.0),2022-12-22,2026-07-08,14,7
2a0df569-5b31-49ea-a558-89b3e4c933d6,Système d'information hydrogéologique (SIH),b65dd6f6-8f31-402e-a8e1-8fa4a575065e,Attribution (CC-BY 4.0),2020-01-22,2026-07-01,6,11
d1d4ea08-a533-4447-9144-89e091f02e20,Occurrences d'espèces en situation précaire,b65dd6f6-8f31-402e-a8e1-8fa4a575065e,Attribution (CC-BY 4.0),2022-04-11,2026-06-30,5,9
40af76ee-c690-4506-a01e-cce862e121ec,Examens prescrits ou reconnus pour la certification relative à la vente ou à l'utilisation de pesticides,b65dd6f6-8f31-402e-a8e1-8fa4a575065e,Attribution (CC-BY 4.0),2023-07-13,2026-06-29,4,42
f52f4792-4c46-48cb-8073-d10d0faaeaef,RSCQ − Normales climatiques mensuelles,b65dd6f6-8f31-402e-a8e1-8fa4a575065e,Attribution (CC-BY 4.0),2024-02-16,2026-06-29,2,5
5f3f1ffd-ce4a-4637-9daf-a00bad2637b3,Suspensions de permis ou des opérations,b765e48a-8506-4e81-b283-7df029e06d0b,Attribution (CC-BY 4.0),2023-03-09,2026-07-02,1,3
515374ee-ce34-464f-9875-7d1af3fa9b2a,Condamnations des établissements alimentaires et condamnations concernant le bien-être des animaux,b765e48a-8506-4e81-b283-7df029e06d0b,Attribution (CC-BY 4.0),2012-07-09,2026-07-02,1,5
49ab4c18-843f-46c3-8b2c-9e6901808b10,Activités d’inspection des aliments : secteur de la vente au détail et de la restauration,b765e48a-8506-4e81-b283-7df029e06d0b,Attribution (CC-BY 4.0),2021-04-14,2026-06-05,1,4
52fac8e2-9e96-4e63-82a8-2bc921ed51fa,Statistiques concernant le système professionnel,b85cf4c2-d54f-424b-a93e-99190af4de82,Domaine public (CC0 1.0),2026-01-13,2026-07-08,15,5
39d056da-026e-45e0-b9c2-79a43d4ddc5b,Orthophotographies 2023 - Région de la capitale nationale,bc976f90-97b4-490c-948e-313d3b839ce3,Attribution (CC-BY 4.0),2025-06-12,2026-02-11,5,34
6718be69-b5b6-42f4-909b-2b37c01a0ef0,Statistiques constats signifiés (radar-photographique),bded9630-4d67-4176-9192-8598ac6cc992,Attribution (CC-BY 4.0),2019-03-26,2026-06-02,90,3
6cd041e3-902c-469e-a863-e54f4df966f2,Zonage,bf2f5268-27e3-41c0-9b30-fd74e80284be,Attribution (CC-BY 4.0),2023-08-25,2026-06-26,4,6
9af70bad-661f-4305-92fb-a7f74dad923d,Données de compensation de base GPS,bf2f5268-27e3-41c0-9b30-fd74e80284be,Attribution (CC-BY 4.0),2021-11-25,2026-05-29,50,5
527944ae-893d-41ac-8255-340fb1c2c83b,Borne d'incendie,bf2f5268-27e3-41c0-9b30-fd74e80284be,Attribution (CC-BY 4.0),2022-02-02,2026-05-27,3,4
1f1783de-4dec-42e6-a0fe-009032da520f,Réseau routier,bf2f5268-27e3-41c0-9b30-fd74e80284be,Attribution (CC-BY 4.0),2022-01-07,2026-05-27,2,8
328dd2ea-7270-4730-a57f-eddf868da4e0,Piste cyclable,bf2f5268-27e3-41c0-9b30-fd74e80284be,Attribution (CC-BY 4.0),2022-05-11,2026-05-15,3,8
c7811bb5-ed56-4356-a574-7b32193f990d,Adresse ponctuelle,bf2f5268-27e3-41c0-9b30-fd74e80284be,Attribution (CC-BY 4.0),2021-09-28,2026-03-27,3,8
b4d90949-8fda-4aa1-b917-b1370a0be86d,Règlement de contrôle intérimaire RV3535 relatif à la conservation des milieux naturels,bf2f5268-27e3-41c0-9b30-fd74e80284be,Attribution (CC-BY 4.0),2025-07-09,2026-03-17,4,13
2a3035b1-ed73-4882-a5b5-b60e0c2e088f,Milieux humides,bf2f5268-27e3-41c0-9b30-fd74e80284be,Attribution (CC-BY 4.0),2021-10-08,2025-10-01,2,12
0f9b6c91-579c-4c5d-a5bf-64c3bc5f0d0a,Couverture du sol en format matriciel générée par intelligence artificielle CMQuébec,bf3d43ea-c9cc-4694-bb7b-e149b6c4feae,"Attribution, pas d’utilisation commerciale, partage dans les mêmes conditions (CC-BY-NC-SA 4.0)",2024-08-13,2026-03-18,3,7
99e91bc6-d039-4713-8c03-730901de765d,Canopée en format matriciel détectée par intelligence artificielle CMQuébec,bf3d43ea-c9cc-4694-bb7b-e149b6c4feae,"Attribution, pas d’utilisation commerciale, partage dans les mêmes conditions (CC-BY-NC-SA 4.0)",2024-06-21,2026-03-18,2,6
e00bd5e8-c99c-460a-9a48-1d8e1215fa4f,Végétation basse en format matriciel détectée par intelligence artificielle CMQuébec,bf3d43ea-c9cc-4694-bb7b-e149b6c4feae,"Attribution, pas d’utilisation commerciale, partage dans les mêmes conditions (CC-BY-NC-SA 4.0)",2024-06-25,2026-03-17,2,8
5b25baa1-e89c-41cb-8fa6-0c5a88377207,Imperméabilisation des sols en format matriciel CMQuébec,bf3d43ea-c9cc-4694-bb7b-e149b6c4feae,"Attribution, pas d’utilisation commerciale, partage dans les mêmes conditions (CC-BY-NC-SA 4.0)",2024-11-29,2026-01-22,4,12
33a72ee0-4af3-4d76-8a13-0338e10cdaeb,Immeubles patrimoniaux classés par le ministre de la Culture et des Communications,bfa172d4-b43e-4549-b573-9482054dafa0,Attribution (CC-BY 4.0),2012-06-27,2026-05-11,5,4
b35078ae-f1a6-4f9a-a9d2-b00244ae1e84,Sites patrimoniaux déclarés par le gouvernement du Québec,bfa172d4-b43e-4549-b573-9482054dafa0,Attribution (CC-BY 4.0),2012-06-27,2026-05-11,4,4
578d182d-4897-4c11-aa7f-ee0cfed222a0,Sites patrimoniaux classés par le ministre de la Culture et des Communications,bfa172d4-b43e-4549-b573-9482054dafa0,Attribution (CC-BY 4.0),2013-01-18,2026-05-11,4,4
39308c05-abee-4197-9081-eae1d3ed9bfc,Classement des long-métrages diffusés sur le territoire québécois,bfa172d4-b43e-4549-b573-9482054dafa0,Domaine public (CC0 1.0),2021-03-30,2025-08-26,2,6
970a2ad6-8b75-4fb2-8a77-e656196fd4af,Terrain sportif,c1ec9cbd-c536-49f1-900e-0e628cc44491,Attribution (CC-BY 4.0),2024-02-14,2026-07-11,5,3
b36be5a9-c69d-40b7-b024-f61813cc26f9,Abribus,c1ec9cbd-c536-49f1-900e-0e628cc44491,Attribution (CC-BY 4.0),2024-01-26,2026-07-11,5,4
5db8415e-89eb-4b5f-a086-692bfb72d929,Mesure d'apaisement de la circulation,c1ec9cbd-c536-49f1-900e-0e628cc44491,Attribution (CC-BY 4.0),2024-01-25,2026-07-11,5,5
62db20af-4e95-46bd-85c0-7a6460f594a6,Mobilier urbain,c1ec9cbd-c536-49f1-900e-0e628cc44491,Attribution (CC-BY 4.0),2022-10-12,2026-07-11,5,11
e1f22119-691d-4fb9-a0fd-b07c3bf0fdbf,Infrastructure piétonne,c1ec9cbd-c536-49f1-900e-0e628cc44491,Attribution (CC-BY 4.0),2024-01-18,2026-07-11,5,6
ce94a568-f0c7-45ed-9d7d-da7bc8da28f9,Voirie,c1ec9cbd-c536-49f1-900e-0e628cc44491,Attribution (CC-BY 4.0),2018-04-16,2026-07-11,5,9
c6085f69-652f-4f33-9b0a-89b24d90ccff,Bornes d'incendie,c1ec9cbd-c536-49f1-900e-0e628cc44491,Attribution (CC-BY 4.0),2016-11-15,2026-07-11,5,8
c14d1ead-6b64-4088-ba19-37376724f7cd,Bâtiments,c1ec9cbd-c536-49f1-900e-0e628cc44491,Attribution (CC-BY 4.0),2017-08-24,2026-07-11,5,5
c35f0d3a-3451-4977-a910-ca21c13290c6,Cours d'eau MRC d'Arthabaska,c3e6a895-9c32-4503-b24d-70afc9752f02,"Attribution, pas d’utilisation commerciale, pas d’oeuvre dérivée (CC-BY-NC-ND 4.0)",2026-05-06,2026-07-08,2,4
bcc45cfc-bfb3-4afd-b162-eb76dfd4e8a3,Plaintes reçues par l’Office de la protection du consommateur,ccf6be6f-7bfd-4651-9100-29bf6c2f7e83,Attribution (CC-BY 4.0),2024-06-26,2026-07-11,1,6
ec2a22e2-e026-4248-b3e2-b872f8deac63,Types d’infractions potentielles aux lois de l’Office de la protection du consommateur,ccf6be6f-7bfd-4651-9100-29bf6c2f7e83,Attribution (CC-BY 4.0),2024-06-26,2026-07-11,1,8
77d205a7-0a5f-443c-acee-c418b13427d9,Liste des commerçants participant à Parle consommation,ccf6be6f-7bfd-4651-9100-29bf6c2f7e83,Attribution (CC-BY 4.0),2023-05-05,2026-07-11,1,6
8f071f70-04ed-4ce0-9d88-f3e11e6abeb5,Liste des permis et des exemptions en vigueur,ccf6be6f-7bfd-4651-9100-29bf6c2f7e83,Attribution (CC-BY 4.0),2022-06-06,2026-07-11,1,5
755b45d6-7aee-46df-a216-748a0191c79f,Liste des licences actives de la Régie du bâtiment du Québec,cebe524d-f2f6-4eff-b5fa-5dd462f5d876,Attribution (CC-BY 4.0),2021-01-29,2026-07-11,3,0
126c4b33-55c2-4c31-b3cd-340e93f6e0bb,Liste des permis d’équipements pétroliers à risque élevé,cebe524d-f2f6-4eff-b5fa-5dd462f5d876,Attribution (CC-BY 4.0),2021-01-29,2026-07-01,2,0
e4489c02-ab55-414b-ba00-efcacd728b49,Unités d'évaluation,d025a603-f958-4953-b08d-103fffb8efab,Attribution (CC-BY 4.0),2019-06-26,2026-06-17,6,9
acf533c5-6f89-4c9b-b2e6-17ed525b4b58,Adresses ponctuelles,d025a603-f958-4953-b08d-103fffb8efab,Attribution (CC-BY 4.0),2019-04-04,2026-06-17,6,8
bc58074d-f806-441c-a31d-0329e671c5f1,Réseau routier,d025a603-f958-4953-b08d-103fffb8efab,Attribution (CC-BY 4.0),2019-03-26,2026-05-26,6,14
98b980e8-5e0b-4e37-8da6-3af4a4c2b6fc,Hydrographie linéaire,d025a603-f958-4953-b08d-103fffb8efab,Attribution (CC-BY 4.0),2019-03-25,2026-05-21,6,4
41ae2192-51ec-4e20-9a1a-6dd1ffd43777,Transport en commun - GTFS,d025a603-f958-4953-b08d-103fffb8efab,Attribution (CC-BY 4.0),2022-12-20,2026-02-05,1,5
7e359f54-b8d7-45aa-abaa-2f2135ad05f1,Réseau cyclable,d025a603-f958-4953-b08d-103fffb8efab,Attribution (CC-BY 4.0),2023-06-21,2026-01-22,6,9
34131db6-ff81-4dac-aa51-c0874f567d0c,Aire de protection de prélèvement d'eau souterraine municipale,d025a603-f958-4953-b08d-103fffb8efab,Attribution (CC-BY 4.0),2021-12-07,2026-01-09,6,6
115b18df-0e02-4f99-bbc9-b166b314e6bd,Transport en commun - Arrêt,d025a603-f958-4953-b08d-103fffb8efab,Attribution (CC-BY 4.0),2023-06-22,2025-09-26,6,7
298c15b2-a874-4904-9166-3de1999b28f0,Incidents du réseau du métro,d02e1201-b0d4-4e11-bf0b-2716a3a2be74,Attribution (CC-BY 4.0),2019-05-16,2026-07-11,1,4
a0073997-3a02-4c34-8acf-758a2ee950f4,Tracés des lignes de bus et de métro,d02e1201-b0d4-4e11-bf0b-2716a3a2be74,Attribution (CC-BY 4.0),2016-04-25,2026-07-11,1,6
d0e84ea6-dcd7-4ee0-9370-741a1629bc9f,Kilométrage réalisé par les voitures de métro,d02e1201-b0d4-4e11-bf0b-2716a3a2be74,Attribution (CC-BY 4.0),2019-05-17,2026-07-11,1,4
434e03f1-c0c2-4758-87e3-3b96b0586c4c,Kilométrage du budget d'exploitation du métro,d02e1201-b0d4-4e11-bf0b-2716a3a2be74,Attribution (CC-BY 4.0),2019-05-17,2026-07-11,1,3
5f691baf-0933-43fd-a715-1def37d029a6,Horaires planifiés et trajets des bus et du métro,d02e1201-b0d4-4e11-bf0b-2716a3a2be74,Attribution (CC-BY 4.0),2016-04-19,2026-07-11,1,7
2dbd02de-1d00-42fd-9935-d6e0a303b9fa,Kilométrage métro des périodes de service,d02e1201-b0d4-4e11-bf0b-2716a3a2be74,Attribution (CC-BY 4.0),2019-05-17,2026-07-11,1,4
1bcf0d8e-d67b-4291-8393-70621b0f5400,Horaires et positionnement des bus en temps réel (GTFS-realtime),d02e1201-b0d4-4e11-bf0b-2716a3a2be74,Attribution (CC-BY 4.0),2018-10-29,2026-07-11,1,8
428fc380-dff4-4bf7-913d-3d719ecdff00,MAC : données sur les œuvres de la collection relevant du domaine public (avec images),d378eb79-07e6-49be-a6dd-cf013a5d4a20,Attribution (CC-BY 4.0),2015-09-24,2026-06-20,2,18
6820a235-2658-4453-8a88-2d29618a4457,MAC : données sur les œuvres de la collection relevant du domaine public au Canada (avec images),d378eb79-07e6-49be-a6dd-cf013a5d4a20,Attribution (CC-BY 4.0),2015-09-24,2026-06-20,2,18
3b475449-f7e0-4f68-b9e8-933dda1916d0,"Données du MACrépertoire (œuvres, artistes, événements et publications)",d378eb79-07e6-49be-a6dd-cf013a5d4a20,Attribution (CC-BY 4.0),2022-11-29,2026-06-20,8,34
02bdd89e-fe1e-49b0-abb5-011cbf24ac27,Décisions de la CPTAQ,d6c64296-b68e-47a2-96e6-361e413a6701,Attribution (CC-BY 4.0),2012-06-22,2026-05-19,4,1
27ad6922-03a9-42ca-b11d-eef63537cc5a,Zone agricole transposée au Cadastre du Québec,d6c64296-b68e-47a2-96e6-361e413a6701,Attribution (CC-BY 4.0),2024-10-04,2025-09-26,4,4
69a93783-00a4-4b6b-b57e-c23567f8d9d6,Inclusions et exclusions de la CPTAQ,d6c64296-b68e-47a2-96e6-361e413a6701,Attribution (CC-BY 4.0),2012-06-26,2025-09-25,4,2
20673c5c-f672-4387-ae9d-378ac6fa8be0,Rapport financier des organismes municipaux et autres documents connexes,d743972b-a0e1-4ef7-8f29-4f905e9480a3,Attribution (CC-BY 4.0),2024-11-19,2026-07-11,189,13
b34de345-5bfe-4db2-a714-ed239a0c0b81,Profil financier des municipalités locales,d743972b-a0e1-4ef7-8f29-4f905e9480a3,Attribution (CC-BY 4.0),2024-11-19,2026-07-11,215,4
a8a678b0-875f-4607-b347-009a5096ff45,Répertoire des municipalités du Québec,d743972b-a0e1-4ef7-8f29-4f905e9480a3,Attribution (CC-BY 4.0),2016-02-15,2026-07-10,19,8
061c8cb7-ca4e-45be-a990-61fce7e7d2dc,Rôles d'évaluation foncière du Québec,d743972b-a0e1-4ef7-8f29-4f905e9480a3,Attribution (CC-BY 4.0),2022-03-31,2026-07-02,52,6
5f28e8ba-a1c0-417f-94d2-2344e938f4f4,Richesse foncière uniformisée,d743972b-a0e1-4ef7-8f29-4f905e9480a3,Attribution (CC-BY 4.0),2017-07-28,2026-05-21,34,10
648535fc-1243-4b8a-bb6b-41eba50de954,Résultats des élections municipales générales,d743972b-a0e1-4ef7-8f29-4f905e9480a3,Attribution (CC-BY 4.0),2017-06-28,2026-04-15,16,15
2474b4f2-c4aa-436e-b1fd-830f4a70cede,Stratégie québécoise d'économie d'eau potable 2019-2025,d743972b-a0e1-4ef7-8f29-4f905e9480a3,Attribution (CC-BY 4.0),2020-11-19,2026-01-15,36,3
ed4c5174-666c-4374-801e-c6958144c7f3,Documents déposés à l'Assemblée,e6ecd29a-c198-48be-bfe1-5ea50ac6ce14,"Attribution, pas d’utilisation commerciale (CC-BY-NC 4.0)",2026-03-25,2026-07-10,1,8
4019d3d8-8a9f-4cf1-8237-df94d6ac81e8,Députées et députés en fonction,e6ecd29a-c198-48be-bfe1-5ea50ac6ce14,"Attribution, pas d’utilisation commerciale (CC-BY-NC 4.0)",2026-03-25,2026-07-06,1,8
2bde70f9-15ff-455b-b3ea-c6e229b24074,Projets de loi,e6ecd29a-c198-48be-bfe1-5ea50ac6ce14,"Attribution, pas d’utilisation commerciale (CC-BY-NC 4.0)",2022-02-08,2026-06-16,1,1
749a7cc2-ed14-451b-b371-6bc3c15bf1e3,Commissions,e6ecd29a-c198-48be-bfe1-5ea50ac6ce14,"Attribution, pas d’utilisation commerciale (CC-BY-NC 4.0)",2022-02-08,2026-04-28,1,2
d0ab69a8-a363-4a07-849a-a76e2102ccf1,Circonscriptions,e6ecd29a-c198-48be-bfe1-5ea50ac6ce14,"Attribution, pas d’utilisation commerciale (CC-BY-NC 4.0)",2022-02-08,2026-04-20,1,1
54686932-09f2-4a7f-8bad-a6dbf97b610f,Liste du financement accordé par le Fonds de recherche du Québec - Société et culture,e7ccfad1-5fc8-4fa2-898e-23631c8edb04,"Attribution, pas d’utilisation commerciale (CC-BY-NC 4.0)",2020-02-24,2026-01-30,7,14
c8433300-f752-4815-8ea2-69cad416dd80,Lois et règlements codifiés du Québec,eec66242-59bf-47d5-8278-69c96776165e,"Attribution, pas d’utilisation commerciale, pas d’oeuvre dérivée (CC-BY-NC-ND 4.0)",2025-11-06,2026-07-04,10,2
2ac81cd6-382a-442e-b65e-fdad1c027caf,01_Clientèle aux programmes d'assistance sociale,eec66242-59bf-47d5-8278-69c96776165e,Attribution (CC-BY 4.0),2023-05-26,2026-06-12,42,8
57d9922e-7e01-4780-801f-0697d6459f70,11_Adultes au Programme de revenu de base,eec66242-59bf-47d5-8278-69c96776165e,Attribution (CC-BY 4.0),2023-05-29,2026-06-12,42,8
4800d735-5abd-4bff-a732-f938dd695815,10_Adultes au Programme de solidarité sociale,eec66242-59bf-47d5-8278-69c96776165e,Attribution (CC-BY 4.0),2023-05-29,2026-06-12,42,8
59df7940-27d0-4753-b4c0-3ae7b4172c94,09_Adultes au Programme d'aide sociale,eec66242-59bf-47d5-8278-69c96776165e,Attribution (CC-BY 4.0),2023-05-29,2026-06-12,42,8
1bb9277c-2a31-42ee-8625-2b68d4283026,08_Adultes à l'aide financière de dernier recours,eec66242-59bf-47d5-8278-69c96776165e,Attribution (CC-BY 4.0),2023-05-29,2026-06-12,42,8
cab8ee40-9b99-40e7-865c-044df4a9fb5c,07_Adultes au Programme objectif emploi,eec66242-59bf-47d5-8278-69c96776165e,Attribution (CC-BY 4.0),2023-05-29,2026-06-12,42,8
4bc66f23-0b68-4e04-8816-2ae95ae44e09,06_Adultes aux programmes d'assistance sociale,eec66242-59bf-47d5-8278-69c96776165e,Attribution (CC-BY 4.0),2023-05-29,2026-06-12,42,8
2095ec43-6e18-441d-a79a-fd400393093f,"Coordonnées des sous-ministres, sous-ministres adjoints ou associés et dirigeants ou personnes responsables des organismes gouvernementaux et des autres organismes.",ef9ba9bb-3cff-4880-b0a0-8156e86388c2,"Attribution, pas d’utilisation commerciale, pas d’oeuvre dérivée (CC-BY-NC-ND 4.0)",2017-04-25,2026-07-07,3,7
b480170d-39a0-4b24-834b-24995b5d4bac,"Code, nom et acronyme des ministères et organismes publics dont le gouvernement ou l'Assemblée nationale procède à la nomination de membres",ef9ba9bb-3cff-4880-b0a0-8156e86388c2,"Attribution, pas d’utilisation commerciale (CC-BY-NC 4.0)",2017-04-21,2026-07-07,1,5
afd242d3-cc46-4ef4-a194-40835293360c,Liste du financement accordé par le Fonds de recherche du Québec - Nature et technologies,f10bd624-b767-4352-98cc-25a23a43fa36,"Attribution, pas d’utilisation commerciale (CC-BY-NC 4.0)",2020-02-24,2026-01-30,7,14
579125c6-561b-4558-8d69-6832fec8a7ac,Tronçons de rues - Saint-Hyacinthe,f62d2ba9-89e5-4b68-8abb-3510d86a1f35,Attribution (CC-BY 4.0),2025-09-30,2025-11-17,2,0
2642706c-14a6-4044-be21-e2a6d8d37691,Unités d'évaluations de la matrice graphique - Saint-Hyacinthe,f62d2ba9-89e5-4b68-8abb-3510d86a1f35,Attribution (CC-BY 4.0),2025-09-30,2025-09-30,2,0
19b0d9a9-11d5-4a35-af9a-ac8f6470c62c,Districts électoraux 2025 - Saint-Hyacinthe,f62d2ba9-89e5-4b68-8abb-3510d86a1f35,Attribution (CC-BY 4.0),2025-09-30,2025-09-30,2,0
d4357015-d0d9-456d-a249-66841d2413f2,Adresses civiques ponctuelles - Saint-Hyacinthe,f62d2ba9-89e5-4b68-8abb-3510d86a1f35,Attribution (CC-BY 4.0),2025-09-30,2025-09-30,2,0
c4179790-79a3-42d3-94a2-69d513223da3,Districts de loisirs - Saint-Hyacinthe,f62d2ba9-89e5-4b68-8abb-3510d86a1f35,Attribution (CC-BY 4.0),2025-09-30,2025-09-30,2,0
52e35caf-ee9d-4446-8c0a-915e35c77efc,Grandes affectations du zonage - Saint-Hyacinthe,f62d2ba9-89e5-4b68-8abb-3510d86a1f35,Attribution (CC-BY 4.0),2025-09-30,2025-09-30,2,0
0c8a89da-47f2-4341-9770-35146d265fc1,Zonage - Saint-Hyacinthe,f62d2ba9-89e5-4b68-8abb-3510d86a1f35,Attribution (CC-BY 4.0),2025-09-30,2025-09-30,2,0
7185f1a1-3d97-48ad-a6e8-2461e7abcc15,Bornes fontaines - Saint-Hyacinthe,f62d2ba9-89e5-4b68-8abb-3510d86a1f35,Attribution (CC-BY 4.0),2025-09-30,2025-09-30,2,0
6d62c914-77c0-43f3-99b6-74d5f3d56546,Longs métrages québécois disponibles sur les plateformes numériques,f91534cb-530c-4500-9819-248ff638927b,Attribution (CC-BY 4.0),2025-06-23,2026-02-17,4,7
e535fac3-17e7-42f2-855f-a4c8e581b7e0,Longs métrages sortis en salle au Québec,f91534cb-530c-4500-9819-248ff638927b,Attribution (CC-BY 4.0),2024-11-12,2025-11-20,2,6
95c99f50-d417-4932-9e9a-207b45b1b42a,Gares de train exo,f941c246-7ee2-4db5-a014-e40dd9a676b6,Attribution (CC-BY 4.0),2016-10-05,2026-05-20,1,6
0bc4dc35-a12b-4695-8e0a-21b87c18d8a4,Lignes de train exo,f941c246-7ee2-4db5-a014-e40dd9a676b6,Attribution (CC-BY 4.0),2021-12-09,2026-05-20,1,5
3c580808-452a-40e8-937e-0c4907cb40c3,Personnes bénéficiant d'une mesure de représentation selon le genre,faa3bad5-e374-4882-a0d6-03d3cc6fbe6a,Attribution (CC-BY 4.0),2025-04-14,2026-05-07,1,4
abcc710c-dd95-4a8b-a999-f10a698b6667,Personnes bénéficiant d'une mesure de représentation selon le type de mesure,faa3bad5-e374-4882-a0d6-03d3cc6fbe6a,Attribution (CC-BY 4.0),2012-11-23,2026-05-07,1,7
bc44f8d2-1833-46bc-89c2-41e44906a442,Adultes bénéficiant d'une mesure de représentation selon la région sociosanitaire et le genre,faa3bad5-e374-4882-a0d6-03d3cc6fbe6a,Attribution (CC-BY 4.0),2025-04-15,2026-05-07,1,4
2990a918-1e87-4bae-a5a4-0cd283b02c5b,Adultes bénéficiant d'une mesure de représentation publique ou mixte selon la cause d'inaptitude et le genre,faa3bad5-e374-4882-a0d6-03d3cc6fbe6a,Attribution (CC-BY 4.0),2025-04-23,2026-05-07,1,4
1ac35363-2f9f-4c67-a1f1-05dcde1111dd,Adultes bénéficiant d'une mesure de représentation selon le groupe d'âge et le genre,faa3bad5-e374-4882-a0d6-03d3cc6fbe6a,Attribution (CC-BY 4.0),2025-04-15,2026-05-07,1,4
6d65a6ad-af47-4b70-a31f-7b4a14078245,Avertissement routier,fb1886c9-2993-46e0-9a10-f9b938a7826f,Attribution (CC-BY 4.0),2018-02-06,2026-07-11,8,9
1dc7fe7f-4eb4-4d9b-a254-e48771bf49b7,Condition routière hivernale du réseau routier,fb1886c9-2993-46e0-9a10-f9b938a7826f,Attribution (CC-BY 4.0),2019-02-07,2026-07-11,20,8
d7941cb1-69a8-4e8e-a117-6c0fd12c2037,Station météoroutière,fb1886c9-2993-46e0-9a10-f9b938a7826f,Attribution (CC-BY 4.0),2018-07-11,2026-07-11,8,14
988dcd41-592c-4f80-9ac2-28d77bbad991,Structure,fb1886c9-2993-46e0-9a10-f9b938a7826f,Attribution (CC-BY 4.0),2013-06-28,2026-07-11,8,15
c77c495a-2a4c-447e-9184-25722289007f,Débit de circulation,fb1886c9-2993-46e0-9a10-f9b938a7826f,Attribution (CC-BY 4.0),2017-01-31,2026-07-11,8,17
c937deb0-a089-4035-88f1-06b36bfd42c5,Réseau routier - RTSS,fb1886c9-2993-46e0-9a10-f9b938a7826f,Attribution (CC-BY 4.0),2013-12-10,2026-07-11,8,10
549a1076-94da-4163-b8ce-c6c5e97627ed,Limite de charge,fb1886c9-2993-46e0-9a10-f9b938a7826f,"Attribution, pas d’oeuvre dérivée (CC-BY-ND 4.0)",2018-07-13,2026-07-11,2,12
8939044a-c0cd-4c98-9060-a77c8b43b0f2,Travaux routiers,fb1886c9-2993-46e0-9a10-f9b938a7826f,Attribution (CC-BY 4.0),2015-03-13,2026-07-11,7,11
d27c44f2-3f54-412d-bd1c-70c6e6a37ba8,Transports - Système d’information touristique Québec (SIT Québec),fcd7c80e-8401-4b7b-b82c-dadda85fbe03,Attribution (CC-BY 4.0),2025-01-24,2026-07-05,3,7
3f1aef13-48f9-41d0-9575-245d931f28ea,Services connexes - Système d’information touristique Québec (SIT Québec),fcd7c80e-8401-4b7b-b82c-dadda85fbe03,Attribution (CC-BY 4.0),2025-01-24,2026-07-05,3,6
17dfa825-9515-4fac-be6b-3964d25194c3,Restauration - Système d’information touristique Québec (SIT Québec),fcd7c80e-8401-4b7b-b82c-dadda85fbe03,Attribution (CC-BY 4.0),2025-01-23,2026-07-05,3,4
f43fbfd7-2b40-4f40-99da-2e0ac1339012,Pourvoiries - Système d’information touristique Québec (SIT Québec),fcd7c80e-8401-4b7b-b82c-dadda85fbe03,Attribution (CC-BY 4.0),2025-01-24,2026-07-05,3,4
bc318da2-934b-4e67-b575-875d59a44cd1,Organismes touristiques - Système d’information touristique Québec (SIT Québec),fcd7c80e-8401-4b7b-b82c-dadda85fbe03,Attribution (CC-BY 4.0),2025-01-23,2026-07-05,3,6
3adf4522-2eae-4600-80d3-7df6e7c62ef1,"Nature, sports et plein air - Système d’information touristique Québec (SIT Québec)",fcd7c80e-8401-4b7b-b82c-dadda85fbe03,Attribution (CC-BY 4.0),2025-01-23,2026-07-05,3,5
2125099f-486b-422d-bc23-f46864d9b41c,Hôtels - Système d’information touristique Québec (SIT Québec),fcd7c80e-8401-4b7b-b82c-dadda85fbe03,Attribution (CC-BY 4.0),2025-01-24,2026-07-05,3,2
e9e2429f-7f23-41f2-bd0e-e41a6e349aa5,Hébergements touristiques collectifs - Système d’information touristique Québec (SIT Québec),fcd7c80e-8401-4b7b-b82c-dadda85fbe03,Attribution (CC-BY 4.0),2025-01-24,2026-07-05,3,4
2c84537c-0a2f-4e6f-aae8-1664bd92d90b,Horaires planifiées des autobus de la Société de transport de Salaberry-de-Valleyfield (GTFS),fd4aa5b0-376b-4204-90e4-b72ca3669fe1,Attribution (CC-BY 4.0),2024-09-09,2026-07-10,1,7
