nature,categorie,arrondissement,statut,date_creation
Information,Organisme divers,Non assigné,Sans statut,2023-07-10
Information,Écocentre,Non assigné,Sans statut,2023-07-10
Information,Direction d'arrondissement,Non assigné,Sans statut,2023-07-11
Information,Subvention - Habitation - Service central,Non assigné,Sans statut,2023-07-11
Information,Taxes foncières,Non assigné,Sans statut,2023-07-11
Information,Feux de circulation - Entretien,Non assigné,Sans statut,2022-04-18
Information,Collecte de résidus verts,Non assigné,Sans statut,2022-04-18
Information,Taxes foncières,Non assigné,Sans statut,2022-04-18
Information,Culture - Activités,Non assigné,Sans statut,2022-04-18
Information,Écocentre,Non assigné,Sans statut,2022-11-19
Information,SRRR,Non assigné,Sans statut,2022-11-19
Information,Signalisation - Circulation - Études,Non assigné,Sans statut,2024-12-07
Information,Collecte de déchets,Non assigné,Sans statut,2022-08-02
Information,Bac roulant,Non assigné,Sans statut,2022-06-20
Information,Fermeture d'une conduite d'eau - Urgence,Non assigné,Sans statut,2023-06-24
Information,Bureau d'arrondissement - Service à la clientèle,Non assigné,Sans statut,2023-02-15
Information,Taxes foncières,Non assigné,Sans statut,2023-02-15
Information,Collecte des encombrants,Non assigné,Sans statut,2023-02-15
Information,Fermeture d'une conduite d'eau - Urgence,Non assigné,Sans statut,2022-01-09
Information,Fermeture d'une conduite d'eau - Urgence,Non assigné,Sans statut,2022-01-09
Information,Fermeture d'une conduite d'eau - Urgence,Non assigné,Sans statut,2022-01-09
Information,Fermeture d'une conduite d'eau - Urgence,Non assigné,Sans statut,2022-01-09
Information,Espace pour la vie,Non assigné,Sans statut,2022-01-09
Information,Animaux sauvages - Nuisance,Non assigné,Sans statut,2022-01-09
Information,Info-Remorquage,Non assigné,Sans statut,2022-01-20
Information,Neige - Remorquage,Non assigné,Sans statut,2022-01-20
Information,Opération déneigement,Non assigné,Sans statut,2022-01-20
Information,Opération déneigement,Non assigné,Sans statut,2022-01-20
Information,Nid-de-poule,Non assigné,Sans statut,2022-01-20
Information,Cour municipale,Non assigné,Sans statut,2022-01-20
Information,Fermeture d'entrée d'eau,Non assigné,Sans statut,2022-12-12
Information,Permis animalier,Non assigné,Sans statut,2022-12-12
Information,Élagage,Non assigné,Sans statut,2022-12-12
Information,Logement - Inspection,Non assigné,Sans statut,2022-12-12
Information,Fermeture d'entrée d'eau,Non assigné,Sans statut,2022-12-12
Information,Animal mort,Non assigné,Sans statut,2022-12-12
Information,Dépôt illégal - Déchets,Non assigné,Sans statut,2022-11-27
Information,Collecte des encombrants,Non assigné,Sans statut,2022-01-10
Information,Permis - Divers,Non assigné,Sans statut,2022-01-10
Information,Permis - Divers,Non assigné,Sans statut,2022-01-10
Information,Gel Entrée d'eau,Non assigné,Sans statut,2022-01-16
Information,Info-Remorquage,Non assigné,Sans statut,2022-01-16
Information,Fermeture d'une conduite d'eau - Urgence,Non assigné,Sans statut,2022-01-16
Information,Gel Entrée d'eau,Non assigné,Sans statut,2022-01-16
Information,Fermeture d'entrée d'eau,Non assigné,Sans statut,2022-01-16
Information,Gouvernement du Québec,Non assigné,Sans statut,2022-01-16
Information,Collecte des encombrants,Non assigné,Sans statut,2022-12-12
Information,Cour municipale,Non assigné,Sans statut,2022-12-12
Information,Sports et loisirs - Activités,Non assigné,Sans statut,2022-12-12
Information,Info-travaux - Service central,Non assigné,Sans statut,2022-12-12
Information,Permis animalier,Non assigné,Sans statut,2022-12-12
Information,Fermeture d'entrée d'eau,Non assigné,Sans statut,2022-12-12
Information,Collecte des encombrants,Non assigné,Sans statut,2022-12-12
Information,Organisme divers,Non assigné,Sans statut,2022-12-10
Information,Collecte de déchets,Non assigné,Sans statut,2022-12-10
Information,Manque d'eau,Non assigné,Sans statut,2022-12-10
Information,Collecte de résidus verts,Non assigné,Sans statut,2022-12-10
Information,*Z-Puisard,Non assigné,Sans statut,2022-12-10
Information,Opération déneigement,Non assigné,Sans statut,2025-12-11
Information,Collecte des encombrants,Non assigné,Sans statut,2022-01-10
Information,Avis Occupant / Consommation,Non assigné,Sans statut,2022-01-10
Information,Collecte des matières recyclables,Non assigné,Sans statut,2022-08-02
Information,Manque d'eau,Non assigné,Sans statut,2022-01-25
Information,Manque d'eau,Non assigné,Sans statut,2022-01-25
Information,Bureau d'arrondissement - Service à la clientèle,Non assigné,Sans statut,2022-01-25
Information,Bac roulant,Non assigné,Sans statut,2022-08-02
Information,Cour municipale,Non assigné,Sans statut,2022-08-02
Information,Collecte des matières recyclables,Non assigné,Sans statut,2022-08-02
Information,Feux de circulation - Entretien,Non assigné,Sans statut,2022-10-30
Information,Branche tombée,Non assigné,Sans statut,2022-07-23
Information,Danger potentiel - Arbre,Non assigné,Sans statut,2022-07-23
Information,Taxes foncières,Non assigné,Sans statut,2022-12-12
Information,Location d'immeuble,Non assigné,Sans statut,2022-12-12
Information,Info - Collecte d'objets encombrants,Non assigné,Sans statut,2022-12-12
Information,Collecte des matières organiques,Non assigné,Sans statut,2022-12-12
Information,Permis - Neige - Domaine public,Non assigné,Sans statut,2022-12-12
Information,Info-Remorquage,Non assigné,Sans statut,2022-12-12
Information,Info-travaux - Arrondissement,Non assigné,Sans statut,2022-12-12
Information,Aide au relogement,Non assigné,Sans statut,2022-12-12
Information,Occupation du domaine public,Non assigné,Sans statut,2022-12-12
Information,Collecte de déchets,Non assigné,Sans statut,2022-12-12
Information,"*Bac de recyclage Endommagé, perdu, volé",Non assigné,Sans statut,2022-12-12
Information,Taxes foncières,Non assigné,Sans statut,2022-12-12
Information,Bac roulant,Non assigné,Sans statut,2022-12-12
Information,Organisme divers,Non assigné,Sans statut,2022-12-12
Information,Fermeture d'une conduite d'eau - Urgence,Non assigné,Sans statut,2023-11-07
Information,Intervention stationnement,Non assigné,Sans statut,2023-11-07
Information,Collecte de résidus verts,Non assigné,Sans statut,2023-11-07
Information,Collecte des matières recyclables,Non assigné,Sans statut,2023-11-07
Information,Collecte des matières recyclables,Non assigné,Sans statut,2022-08-03
Information,Intervention stationnement,Non assigné,Sans statut,2022-08-03
Information,Collecte des matières recyclables,Non assigné,Sans statut,2022-08-03
Information,SRRR,Non assigné,Sans statut,2022-08-02
Information,Collecte des matières recyclables,Non assigné,Sans statut,2022-08-02
Information,Logement - Inspection,Non assigné,Sans statut,2022-06-19
Information,Danger potentiel - Arbre,Non assigné,Sans statut,2024-07-18
Information,Danger potentiel - Arbre,Non assigné,Sans statut,2024-07-18
Information,Opération déneigement,Non assigné,Sans statut,2022-12-24
Information,Manque d'eau,Non assigné,Sans statut,2022-12-24
Information,Feux de circulation - Entretien,Non assigné,Sans statut,2022-12-24
Information,Refoulement égout / Inondation Propriété privée,Non assigné,Sans statut,2022-11-26
Information,Taxes foncières,Non assigné,Sans statut,2022-11-27
Information,Conseil d'arrondissement,Non assigné,Sans statut,2023-01-08
Information,Taxes foncières,Non assigné,Sans statut,2023-01-08
Information,Opération déneigement,Non assigné,Sans statut,2023-01-08
Information,Collecte d'arbres de Noël,Non assigné,Sans statut,2023-01-08
Information,Collecte d'arbres de Noël,Non assigné,Sans statut,2023-01-08
Information,Info-Remorquage,Non assigné,Sans statut,2024-09-22
Information,Collecte de déchets,Non assigné,Sans statut,2024-09-22
Information,Info-Remorquage,Non assigné,Sans statut,2024-09-22
Information,Gouvernement du Québec,Non assigné,Sans statut,2024-09-22
Information,Intervention stationnement,Non assigné,Sans statut,2022-11-13
Information,Info-Remorquage,Non assigné,Sans statut,2022-12-12
Information,IRP - Demande onde radio,Non assigné,Sans statut,2022-12-12
Information,Collecte des encombrants,Non assigné,Sans statut,2022-12-12
Information,Fermeture d'entrée d'eau,Non assigné,Sans statut,2022-12-12
Information,Collecte des encombrants,Non assigné,Sans statut,2022-12-12
Information,Permis - Divers,Non assigné,Sans statut,2022-12-12
Information,Permis de construction - rénovation,Non assigné,Sans statut,2022-12-12
Information,Collecte des encombrants,Non assigné,Sans statut,2022-12-12
Information,Collecte des encombrants,Non assigné,Sans statut,2022-11-07
Information,Collecte des encombrants,Non assigné,Sans statut,2022-07-11
Information,Taxes foncières,Non assigné,Sans statut,2022-06-19
Information,Collecte de déchets,Non assigné,Sans statut,2022-06-19
Information,Écocentre,Non assigné,Sans statut,2022-06-19
Information,Bruit,Non assigné,Sans statut,2022-06-19
Information,Collecte des encombrants,Non assigné,Sans statut,2022-06-19
Information,Fermeture d'entrée d'eau,Non assigné,Sans statut,2022-06-19
Information,Animaux sauvages - Nuisance,Non assigné,Sans statut,2022-06-19
Information,Maladie ou insectes - Arbre,Non assigné,Sans statut,2022-12-24
Information,Puisard/TH-Première intervention,Non assigné,Sans statut,2022-12-24
Information,Manque d'eau,Non assigné,Sans statut,2022-12-24
Information,Collecte de déchets,Non assigné,Sans statut,2022-06-20
Information,Fermeture d'entrée d'eau,Non assigné,Sans statut,2022-06-21
Information,Assermentation,Non assigné,Sans statut,2025-03-10
Information,Organisme divers,Non assigné,Sans statut,2025-03-10
Information,Intervention stationnement,Non assigné,Sans statut,2024-11-02
Information,Manque d'eau,Non assigné,Sans statut,2023-02-26
Information,IRP - Police,Non assigné,Sans statut,2022-03-29
Information,Taxes foncières,Non assigné,Sans statut,2024-09-17
Information,Occupation du domaine public,Non assigné,Sans statut,2022-12-12
Information,Branche tombée,Non assigné,Sans statut,2023-12-05
Information,Info-Remorquage,Non assigné,Sans statut,2023-12-05
Information,Info-Remorquage,Non assigné,Sans statut,2023-12-05
Information,Info-Remorquage,Non assigné,Sans statut,2023-12-05
Information,Info-Remorquage,Non assigné,Sans statut,2023-12-05
Information,Info-Remorquage,Non assigné,Sans statut,2023-12-05
Information,Info-Remorquage,Non assigné,Sans statut,2023-12-05
Information,Fermeture d'entrée d'eau,Non assigné,Sans statut,2022-12-12
Information,Fermeture d'entrée d'eau,Non assigné,Sans statut,2022-12-12
Information,Direction d'arrondissement,Non assigné,Sans statut,2022-12-12
Information,Gouvernement du Québec,Non assigné,Sans statut,2022-12-12
Information,Collecte de déchets,Non assigné,Sans statut,2022-12-12
Information,Taxes foncières,Non assigné,Sans statut,2022-12-12
Information,Communauté métropolitaine de Montréal,Non assigné,Sans statut,2022-12-12
Information,Intervention stationnement,Non assigné,Sans statut,2024-04-28
Information,Organisme divers,Non assigné,Sans statut,2024-04-28
Information,Taxes foncières,Non assigné,Sans statut,2026-02-02
Information,Taxes foncières,Non assigné,Sans statut,2024-02-11
Information,Occupation du domaine public,Non assigné,Sans statut,2024-02-11
Information,Permis - Divers,Non assigné,Sans statut,2022-12-12
Information,Taxes foncières,Non assigné,Sans statut,2022-12-12
Information,Collecte de déchets,Non assigné,Sans statut,2022-12-23
Information,Fermeture d'une conduite d'eau - Urgence,Non assigné,Sans statut,2022-10-09
Information,Collecte de déchets,Non assigné,Sans statut,2022-10-09
Information,Fermeture d'entrée d'eau,Non assigné,Sans statut,2022-10-09
Information,Assermentation,Non assigné,Sans statut,2022-10-09
Information,Parc - Divers,Non assigné,Sans statut,2022-08-07
Information,Fuite d'eau,Non assigné,Sans statut,2022-10-22
Information,Feux de circulation - Entretien,Non assigné,Sans statut,2022-10-22
Information,Collecte de résidus verts,Non assigné,Sans statut,2022-10-22
Information,Info-Remorquage,Non assigné,Sans statut,2023-05-16
Information,Danger potentiel - Arbre,Non assigné,Sans statut,2023-05-17
Information,Permis - Divers,Non assigné,Sans statut,2022-08-06
Information,"*Z-Borne-fontaine - Installation, retrait ou déplacement",Non assigné,Sans statut,2022-08-14
Information,Bac roulant,Non assigné,Sans statut,2022-06-26
Information,*Réclamation,Non assigné,Sans statut,2022-06-26
Information,Info-travaux - Service central,Non assigné,Sans statut,2022-06-26
Information,Sports et loisirs - Activités,Non assigné,Sans statut,2022-06-26
Information,Collecte de déchets,Non assigné,Sans statut,2022-10-10
Information,Conseil d'arrondissement,Non assigné,Sans statut,2022-10-10
Information,Accès à l'information,Non assigné,Sans statut,2022-10-10
Information,Collecte de déchets,Non assigné,Sans statut,2022-07-04
Information,Collecte des encombrants,Non assigné,Sans statut,2022-07-04
Information,Branche tombée,Non assigné,Sans statut,2022-07-04
Information,Panneau de signalisation entretien prioritaire,Non assigné,Sans statut,2022-10-08
Information,Info-travaux - Arrondissement,Non assigné,Sans statut,2022-10-08
Information,Info-travaux - Service central,Non assigné,Sans statut,2022-10-08
Information,Sports et loisirs - Activités,Non assigné,Sans statut,2022-09-25
Information,Y-Eau - Divers,Non assigné,Sans statut,2023-02-04
Information,Y-Eau - Divers,Non assigné,Sans statut,2023-02-04
Information,Y-Eau - Divers,Non assigné,Sans statut,2023-02-04
Information,Taxes foncières,Non assigné,Sans statut,2023-02-04
Information,Y-Eau - Divers,Non assigné,Sans statut,2023-02-04
Information,Gel Entrée d'eau,Non assigné,Sans statut,2023-02-04
Information,Gel Entrée d'eau,Non assigné,Sans statut,2023-02-04
Information,Taxes foncières,Non assigné,Sans statut,2023-02-04
Information,Gel Entrée d'eau,Non assigné,Sans statut,2023-02-04
Information,Fuite d'eau,Non assigné,Sans statut,2023-02-04
Information,Gel Entrée d'eau,Non assigné,Sans statut,2023-02-04
Information,Fermeture d'entrée d'eau,Non assigné,Sans statut,2023-02-15
Information,Info-Remorquage,Non assigné,Sans statut,2025-04-27
Information,Cour municipale,Non assigné,Sans statut,2022-10-09
Information,Collecte des encombrants,Non assigné,Sans statut,2022-08-14
Information,Permis - Divers,Non assigné,Sans statut,2022-11-14
Information,Collecte de déchets,Non assigné,Sans statut,2022-11-14
Information,Collecte des encombrants,Non assigné,Sans statut,2022-11-14
Information,Permis - Neige - Domaine public,Non assigné,Sans statut,2022-11-14
Information,Dépôt Illégal - Neige,Non assigné,Sans statut,2022-11-14
Information,Rénovation de bâtiment à valeur patrimoniale,Non assigné,Sans statut,2022-11-14
Information,Collecte de résidus verts,Non assigné,Sans statut,2022-11-14
Information,Collecte de déchets,Non assigné,Sans statut,2022-11-14
Information,Permis de construction - rénovation,Non assigné,Sans statut,2022-11-14
Information,Contrôle animalier,Non assigné,Sans statut,2022-11-14
Information,Éclairage existant - Entretien,Non assigné,Sans statut,2023-06-02
Information,Info-Remorquage,Non assigné,Sans statut,2023-06-02
Information,Fuite d'eau,Non assigné,Sans statut,2023-06-03
Information,Collecte des encombrants,Non assigné,Sans statut,2022-05-01
Information,Abri temporaire,Non assigné,Sans statut,2022-05-01
Information,Collecte de résidus verts,Non assigné,Sans statut,2022-05-01
Information,Collecte de déchets,Non assigné,Sans statut,2023-09-27
Information,Intervention stationnement,Non assigné,Sans statut,2023-11-14
Information,Info-travaux - Service central,Non assigné,Sans statut,2023-11-14
Information,Occupation du domaine public,Non assigné,Sans statut,2024-08-05
Information,Collecte de déchets,Non assigné,Sans statut,2022-06-09
Information,Y-Eau - Divers,Non assigné,Sans statut,2022-11-27
Information,Écocentre,Non assigné,Sans statut,2022-11-27
Information,Info-Remorquage,Non assigné,Sans statut,2023-01-27
Information,Surveillance et sécurité publique,Non assigné,Sans statut,2023-07-31
Information,Feux de circulation - Entretien,Non assigné,Sans statut,2023-07-31
Information,Surveillance et sécurité publique,Non assigné,Sans statut,2023-07-31
Information,Info-Remorquage,Non assigné,Sans statut,2024-09-10
Information,Puisard/TH-Clé ou objet,Non assigné,Sans statut,2024-09-10
Information,Collecte des encombrants,Non assigné,Sans statut,2024-09-10
Information,IRP - Villes non reliées au GDC,Non assigné,Sans statut,2022-08-01
Information,IRP - Utilité publique,Non assigné,Sans statut,2022-08-01
Information,Collecte des encombrants,Non assigné,Sans statut,2022-08-02
Information,Taxes foncières,Non assigné,Sans statut,2022-08-02
Information,Y-Eau - Divers,Non assigné,Sans statut,2022-08-02
Information,Fermeture d'une conduite d'eau - Urgence,Non assigné,Sans statut,2022-10-08
Information,Fermeture d'une conduite d'eau - Urgence,Non assigné,Sans statut,2022-10-08
Information,Fermeture d'entrée d'eau,Non assigné,Sans statut,2022-08-06
Information,Sports et loisirs - Activités,Non assigné,Sans statut,2022-08-06
Information,Entrée d'eau en plomb-Autre demande,Non assigné,Sans statut,2022-08-06
Information,IRP - Poste d'essence,Non assigné,Sans statut,2022-06-04
Information,Gouvernement du Québec,Non assigné,Sans statut,2022-06-27
Information,Danger potentiel - Arbre,Non assigné,Sans statut,2024-02-13
Information,Y-Eau - Divers,Non assigné,Sans statut,2022-06-12
Information,Fermeture d'entrée d'eau,Non assigné,Sans statut,2022-06-22
Information,Collecte des encombrants,Non assigné,Sans statut,2022-06-12
Information,Info-travaux - Arrondissement,Non assigné,Sans statut,2022-06-12
Information,Écocentre,Non assigné,Sans statut,2022-06-12
Information,Info-Remorquage,Non assigné,Sans statut,2023-01-27
Information,Info-Remorquage,Non assigné,Sans statut,2023-01-27
Information,SRRR,Non assigné,Sans statut,2022-11-27
Information,Débris sur la voie publique,Non assigné,Sans statut,2022-11-27
Information,Collecte de déchets,Non assigné,Sans statut,2022-11-27
Information,*Réclamation,Non assigné,Sans statut,2022-09-17
Information,Sports et loisirs - Activités,Non assigné,Sans statut,2022-09-17
Information,Intervention stationnement,Non assigné,Sans statut,2023-02-14
Information,Collecte des encombrants,Non assigné,Sans statut,2023-02-14
Information,*Z-Puisard,Non assigné,Sans statut,2023-02-15
Information,Info-Remorquage,Non assigné,Sans statut,2023-02-15
Information,IRP - Villes non reliées au GDC,Non assigné,Sans statut,2022-08-01
Information,IRP - Police,Non assigné,Sans statut,2022-08-01
Information,Recettes diverses,Non assigné,Sans statut,2023-03-08
Information,Écocentre,Non assigné,Sans statut,2022-07-09
Information,Collecte des encombrants,Non assigné,Sans statut,2025-07-07
Information,Collecte de déchets,Non assigné,Sans statut,2022-07-23
Information,Cour municipale,Non assigné,Sans statut,2024-01-22
Information,Collecte des matières recyclables,Non assigné,Sans statut,2024-01-22
Information,Info-Remorquage,Non assigné,Sans statut,2024-01-22
Information,Taxes foncières,Non assigné,Sans statut,2023-03-08
Information,Taxes foncières,Non assigné,Sans statut,2023-03-08
Information,Organisme divers,Non assigné,Sans statut,2023-03-08
Information,Organisme divers,Non assigné,Sans statut,2023-03-08
Information,Taxes foncières,Non assigné,Sans statut,2023-03-08
Information,Stationnement municipal,Non assigné,Sans statut,2024-08-12
Information,Collecte des encombrants,Non assigné,Sans statut,2022-07-14
Information,Info-Remorquage,Non assigné,Sans statut,2022-12-12
Information,Bureau d'arrondissement - Service à la clientèle,Non assigné,Sans statut,2024-02-12
Information,Collecte des encombrants,Non assigné,Sans statut,2024-06-17
Information,Collecte des encombrants,Non assigné,Sans statut,2023-07-18
Information,Collecte de déchets,Non assigné,Sans statut,2022-07-19
Information,Taxes foncières,Non assigné,Sans statut,2022-07-19
Information,Sports et loisirs - Activités,Non assigné,Sans statut,2022-01-08
Information,Fermeture d'une conduite d'eau - Urgence,Non assigné,Sans statut,2022-01-08
Information,Collecte des encombrants,Non assigné,Sans statut,2022-01-08
Information,Opération déneigement,Non assigné,Sans statut,2022-01-08
Information,Organisme divers,Non assigné,Sans statut,2022-01-08
Information,Écocentre,Non assigné,Sans statut,2022-01-08
Information,Organisme divers,Non assigné,Sans statut,2022-01-08
Information,Accès à l'information,Non assigné,Sans statut,2022-01-08
Information,Y-Eau - Divers,Non assigné,Sans statut,2022-01-08
Information,Taxes foncières,Non assigné,Sans statut,2023-07-31
Information,Taxes foncières,Non assigné,Sans statut,2022-07-11
Information,Culture - Activités,Non assigné,Sans statut,2022-07-11
Information,Collecte de déchets,Non assigné,Sans statut,2022-07-12
Information,Gouvernement du Québec,Non assigné,Sans statut,2022-09-25
Information,Info-Remorquage,Non assigné,Sans statut,2022-09-25
Information,Info-Remorquage,Non assigné,Sans statut,2022-09-25
Information,Info-travaux - Service central,Non assigné,Sans statut,2022-09-25
Information,Organisme divers,Non assigné,Sans statut,2022-09-25
Information,Organisme divers,Non assigné,Sans statut,2022-09-25
Information,Installations sportives extérieures - Entretien,Non assigné,Sans statut,2022-09-25
Information,Débris sur la voie publique,Non assigné,Sans statut,2022-12-04
Information,Y-Eau - Divers,Non assigné,Sans statut,2022-12-04
Information,Y-Eau - Divers,Non assigné,Sans statut,2022-12-04
Information,Fermeture d'entrée d'eau,Non assigné,Sans statut,2025-03-17
Information,Fuite d'eau,Non assigné,Sans statut,2025-03-17
Information,Nettoyage du domaine public,Non assigné,Sans statut,2023-03-25
Information,Collecte de déchets,Non assigné,Sans statut,2022-01-08
Information,Taxes foncières,Non assigné,Sans statut,2022-01-08
Information,Fermeture d'entrée d'eau,Non assigné,Sans statut,2022-01-08
Information,Organisme divers,Non assigné,Sans statut,2022-01-08
Information,Fermeture d'entrée d'eau,Non assigné,Sans statut,2022-01-08
Information,Installations sportives extérieures - Entretien,Non assigné,Sans statut,2022-01-08
Information,Taxes foncières,Non assigné,Sans statut,2022-01-08
Information,Collecte de déchets,Non assigné,Sans statut,2022-01-08
Information,Éclairage existant - Entretien,Non assigné,Sans statut,2023-01-29
Information,Assermentation,Non assigné,Sans statut,2022-11-14
Information,Fuite d'eau,Non assigné,Sans statut,2022-10-09
Information,Info-travaux - Arrondissement,Non assigné,Sans statut,2022-03-26
Information,Info-travaux - Service central,Non assigné,Sans statut,2022-03-26
Information,Taxes foncières,Non assigné,Sans statut,2022-07-04
Information,Permis animalier,Non assigné,Sans statut,2022-07-04
Information,Collecte de résidus alimentaires,Non assigné,Sans statut,2022-07-04
Information,Permis de construction - rénovation,Non assigné,Sans statut,2022-07-04
Information,Info-Remorquage,Non assigné,Sans statut,2025-08-15
Information,Gel Entrée d'eau,Non assigné,Sans statut,2022-01-30
Information,Fuite d'eau,Non assigné,Sans statut,2022-01-30
Information,Organisme divers,Non assigné,Sans statut,2022-04-25
Information,Fermeture d'une conduite d'eau - Urgence,Non assigné,Sans statut,2022-01-29
Information,Info-Remorquage,Non assigné,Sans statut,2022-01-29
Information,Y-Eau - Divers,Non assigné,Sans statut,2022-01-29
Information,Animal mort,Non assigné,Sans statut,2022-01-29
Information,Y-Eau - Divers,Non assigné,Sans statut,2022-01-29
Information,Bruit,Non assigné,Sans statut,2022-08-21
Information,Parc - Divers,Non assigné,Sans statut,2022-07-15
Information,Parc - Divers,Non assigné,Sans statut,2022-07-15
Information,Manque d'eau,Non assigné,Sans statut,2022-07-15
Information,*Z-Test de pression d'eau,Non assigné,Sans statut,2022-07-15
Information,*Z-Test de pression d'eau,Non assigné,Sans statut,2022-07-15
Information,Permis - Divers,Non assigné,Sans statut,2022-07-15
Information,Débris sur la voie publique,Non assigné,Sans statut,2022-07-15
Information,Bureau d'arrondissement - Service à la clientèle,Non assigné,Sans statut,2023-09-15
Information,Permis animalier,Non assigné,Sans statut,2023-09-16
Information,Sports et loisirs - Activités,Non assigné,Sans statut,2023-09-16
Information,Animal mort,Non assigné,Sans statut,2023-09-16
Information,Y-Eau - Divers,Non assigné,Sans statut,2023-09-16
Information,Info-Remorquage,Non assigné,Sans statut,2022-09-04
Information,Intervention stationnement,Non assigné,Sans statut,2022-09-04
Information,Occupation du domaine public,Non assigné,Sans statut,2022-09-04
Information,Intervention stationnement,Non assigné,Sans statut,2022-09-04
Information,Collecte de déchets,Non assigné,Sans statut,2022-09-04
Information,Balai mécanique,Non assigné,Sans statut,2022-09-05
Information,Fuite d'eau,Non assigné,Sans statut,2022-09-05
Information,Info-Remorquage,Non assigné,Sans statut,2022-09-05
Information,Occupation du domaine public,Non assigné,Sans statut,2022-09-05
Information,Collecte des encombrants,Non assigné,Sans statut,2022-06-12
Information,Y-Eau - Divers,Non assigné,Sans statut,2022-08-16
Information,Y-Eau - Divers,Non assigné,Sans statut,2022-08-16
Information,Collecte des matières organiques,Non assigné,Sans statut,2022-08-17
Information,Info-Remorquage,Non assigné,Sans statut,2022-10-16
Information,Info-Remorquage,Non assigné,Sans statut,2022-10-16
Information,Organisme divers,Non assigné,Sans statut,2022-10-16
Information,Collecte des matières recyclables,Non assigné,Sans statut,2022-07-09
Information,Info-Remorquage,Non assigné,Sans statut,2024-11-15
Information,Direction - Capital humain,Non assigné,Sans statut,2022-10-31
Information,Collecte des matières recyclables,Non assigné,Sans statut,2022-10-31
Information,Nettoyage du domaine public,Non assigné,Sans statut,2022-06-28
Information,Feux de circulation - Entretien,Non assigné,Sans statut,2025-08-08
Information,Nid-de-poule,Non assigné,Sans statut,2025-08-08
Information,Manque d'eau,Non assigné,Sans statut,2022-01-16
Information,Manque d'eau,Non assigné,Sans statut,2022-01-16
Information,Collecte des encombrants,Non assigné,Sans statut,2022-01-16
Information,Extermination à l'extérieur - Insectes,Non assigné,Sans statut,2022-08-01
Information,Manque d'eau,Non assigné,Sans statut,2022-08-01
Information,Intervention stationnement,Non assigné,Sans statut,2023-12-04
Information,Carte Info-Neige,Non assigné,Sans statut,2023-12-04
Information,Opération déneigement,Non assigné,Sans statut,2023-12-04
Information,Fuite d'eau,Non assigné,Sans statut,2023-12-04
Information,Info-Remorquage,Non assigné,Sans statut,2023-12-04
Information,Mobilier urbain,Non assigné,Sans statut,2022-07-30
Information,Centre de services 311,Non assigné,Sans statut,2022-08-01
Information,Neige - Remorquage,Non assigné,Sans statut,2024-01-11
Information,Trottoir glissant,Non assigné,Sans statut,2024-01-11
Information,Bureau d'arrondissement - Service à la clientèle,Non assigné,Sans statut,2023-11-21
Information,Signalisation écrite -  Entretien,Non assigné,Sans statut,2023-11-22
Information,*Réclamation,Non assigné,Sans statut,2023-11-22
Information,Collecte de déchets,Non assigné,Sans statut,2022-08-19
Information,Contrôle animalier,Non assigné,Sans statut,2022-08-19
Information,Y-Eau - Divers,Non assigné,Sans statut,2022-08-19
Information,Communauté métropolitaine de Montréal,Non assigné,Sans statut,2023-01-23
Information,Cour municipale,Non assigné,Sans statut,2023-01-24
Information,Manque d'eau,Non assigné,Sans statut,2022-07-30
Information,Opération déneigement,Non assigné,Sans statut,2023-01-28
Information,Opération déneigement,Non assigné,Sans statut,2023-01-28
Information,Info-Remorquage,Non assigné,Sans statut,2023-01-28
Information,Cour municipale,Non assigné,Sans statut,2023-01-28
Information,Bac roulant,Non assigné,Sans statut,2023-01-28
Information,Carte Info-Neige,Non assigné,Sans statut,2023-01-28
Information,Trottoir glissant,Non assigné,Sans statut,2022-11-22
Information,Opération déneigement,Non assigné,Sans statut,2023-01-27
Information,Opération déneigement,Non assigné,Sans statut,2023-01-27
Information,Direction - Évaluation,Non assigné,Sans statut,2024-07-13
Information,Surveillance et sécurité publique,Non assigné,Sans statut,2024-07-13
Information,Grand parc,Non assigné,Sans statut,2024-07-13
Information,Collecte de déchets,Non assigné,Sans statut,2022-08-07
Information,Collecte des encombrants,Non assigné,Sans statut,2022-08-07
Information,Organisme divers,Non assigné,Sans statut,2022-08-07
Information,SRRR,Non assigné,Sans statut,2022-09-13
Information,Balai mécanique,Non assigné,Sans statut,2022-09-13
Information,Collecte des encombrants,Non assigné,Sans statut,2022-08-12
Information,Animaux sauvages - Nuisance,Non assigné,Sans statut,2022-06-12
Information,Info-Remorquage,Non assigné,Sans statut,2025-06-13
Information,Éclairage existant - Entretien,Non assigné,Sans statut,2023-02-18
Information,Borne d'incendie - Entretien,Non assigné,Sans statut,2023-02-18
Information,Feux de circulation - Entretien,Non assigné,Sans statut,2023-02-18
Information,Chaussée glissante,Non assigné,Sans statut,2023-02-18
Information,Taxes foncières,Non assigné,Sans statut,2023-02-18
Information,Fermeture d'une conduite d'eau - Urgence,Non assigné,Sans statut,2022-01-16
Information,Fermeture d'une conduite d'eau - Urgence,Non assigné,Sans statut,2023-10-28
Information,Fermeture d'une conduite d'eau - Urgence,Non assigné,Sans statut,2023-10-28
Information,Pavage - Réparation,Non assigné,Sans statut,2023-10-28
Information,Société paramunicipale,Non assigné,Sans statut,2023-10-28
Information,Avis Occupant / Consommation,Non assigné,Sans statut,2023-07-30
Information,Bureau d'arrondissement - Service à la clientèle,Non assigné,Sans statut,2023-07-30
Information,Avis Occupant / Consommation,Non assigné,Sans statut,2023-07-30
Information,Organisme divers,Non assigné,Sans statut,2022-11-05
Information,Dépôt illégal - Déchets,Non assigné,Sans statut,2022-11-05
Information,Collecte des encombrants,Non assigné,Sans statut,2022-08-13
Information,Intervention stationnement,Non assigné,Sans statut,2022-08-13
Information,Éclairage existant - Entretien,Non assigné,Sans statut,2022-08-13
Information,Éclairage existant - Entretien,Non assigné,Sans statut,2022-08-13
Information,Info-Remorquage,Non assigné,Sans statut,2022-08-13
Information,Animaux sauvages - Nuisance,Non assigné,Sans statut,2022-08-14
Information,Bruit,Non assigné,Sans statut,2022-08-14
Information,Encombrants non ramassés,Non assigné,Sans statut,2022-08-14
Information,Écocentre,Non assigné,Sans statut,2022-08-14
Information,Avis Occupant / Consommation,Non assigné,Sans statut,2022-09-22
Information,Avis Occupant / Consommation,Non assigné,Sans statut,2022-09-22
Information,Manque d'eau,Non assigné,Sans statut,2022-09-23
Information,Collecte de résidus verts,Non assigné,Sans statut,2022-08-08
Information,Gel Entrée d'eau,Non assigné,Sans statut,2023-02-05
Information,Opération déneigement,Non assigné,Sans statut,2023-02-05
Information,Neige - Remorquage,Non assigné,Sans statut,2023-02-05
Information,Gel Entrée d'eau,Non assigné,Sans statut,2023-02-05
Information,Punaises de lit,Non assigné,Sans statut,2023-02-05
Information,Terrain insalubre - Domaine privé,Non assigné,Sans statut,2022-06-12
Information,Collecte des encombrants,Non assigné,Sans statut,2022-09-14
Information,Info-Remorquage,Non assigné,Sans statut,2022-11-12
Information,Collecte de déchets,Non assigné,Sans statut,2022-11-12
Information,Collecte des encombrants,Non assigné,Sans statut,2023-09-20
Information,Parc - Divers,Non assigné,Sans statut,2022-11-12
Information,Collecte des encombrants,Non assigné,Sans statut,2022-11-12
Information,Y-Eau - Divers,Non assigné,Sans statut,2022-11-12
Information,Puisard/TH-Première intervention,Non assigné,Sans statut,2022-11-12
Information,Écocentre,Non assigné,Sans statut,2022-11-12
Information,Manque d'eau,Non assigné,Sans statut,2022-11-12
Information,Collecte des encombrants,Non assigné,Sans statut,2022-10-03
Information,Abattage d'arbre,Non assigné,Sans statut,2022-10-03
Information,Collecte des encombrants,Non assigné,Sans statut,2022-10-03
Information,Collecte de résidus alimentaires,Non assigné,Sans statut,2022-07-27
Information,Taxes foncières,Non assigné,Sans statut,2024-01-29
Information,Assermentation,Non assigné,Sans statut,2024-01-29
Information,Écoquartier,Non assigné,Sans statut,2024-01-29
Information,Y-Eau - Divers,Non assigné,Sans statut,2022-05-07
Information,Y-Eau - Divers,Non assigné,Sans statut,2022-05-07
Information,Refoulement égout / Inondation Propriété privée,Non assigné,Sans statut,2022-11-06
Information,Manque d'eau,Non assigné,Sans statut,2022-11-06
Information,Manque d'eau,Non assigné,Sans statut,2022-11-06
Information,Manque d'eau,Non assigné,Sans statut,2022-11-06
Information,Feux de circulation - Entretien,Non assigné,Sans statut,2022-11-06
Information,Info-Remorquage,Non assigné,Sans statut,2025-04-27
Information,Info-Remorquage,Non assigné,Sans statut,2025-04-27
Information,IRP - Police,Non assigné,Sans statut,2025-04-27
Information,Contrôle animalier,Non assigné,Sans statut,2022-12-05
Information,Taxes foncières,Non assigné,Sans statut,2022-12-05
Information,Avis-Alertes aux citoyens,Non assigné,Sans statut,2022-09-17
Information,Permis de construction - rénovation,Non assigné,Sans statut,2022-09-17
Information,Info-Remorquage,Non assigné,Sans statut,2022-09-17
Information,Cour municipale,Non assigné,Sans statut,2022-09-17
Information,Parc - Divers,Non assigné,Sans statut,2022-09-17
Information,Sports et loisirs - Activités,Non assigné,Sans statut,2022-09-17
Information,Info-Remorquage,Non assigné,Sans statut,2022-09-17
Information,Installations culturelles - Entretien,Non assigné,Sans statut,2022-09-17
Information,Organisme divers,Non assigné,Sans statut,2022-09-17
Information,*Réclamation,Non assigné,Sans statut,2022-09-17
Information,Collecte des encombrants,Non assigné,Sans statut,2022-09-17
Information,Collecte des encombrants,Non assigné,Sans statut,2022-09-17
Information,Signalisation cachée par des végétaux,Non assigné,Sans statut,2022-10-11
Information,Info-Remorquage,Non assigné,Sans statut,2024-01-12
Information,Bac montréalais (67 litres),Non assigné,Sans statut,2022-08-01
Information,Taxes foncières,Non assigné,Sans statut,2022-08-01
Information,Collecte des encombrants,Non assigné,Sans statut,2022-08-01
Information,Taxes foncières,Non assigné,Sans statut,2022-08-01
Information,Collecte de déchets,Non assigné,Sans statut,2025-02-25
Information,Collecte de déchets,Non assigné,Sans statut,2025-02-25
Information,Fermeture d'une conduite d'eau - Urgence,Non assigné,Sans statut,2022-09-18
Information,Fermeture d'une conduite d'eau - Urgence,Non assigné,Sans statut,2022-09-18
Information,Fuite d'eau,Non assigné,Sans statut,2022-10-17
Information,Intervention stationnement,Non assigné,Sans statut,2022-10-23
Information,Taxes foncières,Non assigné,Sans statut,2024-04-24
Information,Info-travaux - Service central,Non assigné,Sans statut,2022-05-01
Information,Collecte de déchets,Non assigné,Sans statut,2022-07-26
Information,Organisme divers,Non assigné,Sans statut,2022-07-26
Information,Collecte de déchets,Non assigné,Sans statut,2022-07-26
Information,Collecte des encombrants,Non assigné,Sans statut,2022-07-26
Information,Parc - Divers,Non assigné,Sans statut,2022-07-26
Information,Cour municipale,Non assigné,Sans statut,2022-07-26
Information,Info-Remorquage,Non assigné,Sans statut,2024-03-13
Information,Y-Eau - Divers,Non assigné,Sans statut,2022-03-27
Information,Info-Remorquage,Non assigné,Sans statut,2022-03-27
Information,Taxes foncières,Non assigné,Sans statut,2022-03-27
Information,Info-travaux - Arrondissement,Non assigné,Sans statut,2022-03-27
Information,Organisme divers,Non assigné,Sans statut,2022-12-24
Information,Collecte de déchets,Non assigné,Sans statut,2022-12-24
Information,Opération déneigement,Non assigné,Sans statut,2022-12-24
Information,Permis animalier,Non assigné,Sans statut,2022-03-30
Information,Piscine ou spa privés,Non assigné,Sans statut,2022-03-30
Information,Permis animalier,Non assigné,Sans statut,2022-11-06
Information,Fermeture d'une conduite d'eau - Urgence,Non assigné,Sans statut,2022-08-31
Information,Collecte de déchets,Non assigné,Sans statut,2022-08-31
Information,Y-Eau - Divers,Non assigné,Sans statut,2022-08-31
Information,Maires et élus d'arrondissement,Non assigné,Sans statut,2024-09-30
Information,Occupation du domaine public,Non assigné,Sans statut,2023-10-23
Information,Fuite d'eau,Non assigné,Sans statut,2022-12-10
Information,Sports et loisirs - Activités,Non assigné,Sans statut,2022-12-10
Information,IRP - Poste d'essence,Non assigné,Sans statut,2022-10-02
Information,Animal mort,Non assigné,Sans statut,2023-03-14
Information,Info-Remorquage,Non assigné,Sans statut,2022-12-18
Information,Opération déneigement,Non assigné,Sans statut,2022-12-18
Information,Organisme divers,Non assigné,Sans statut,2022-12-16
Information,Occupation du domaine public,Non assigné,Sans statut,2022-12-17
Information,Intervention stationnement,Non assigné,Sans statut,2022-12-17
Information,Collecte de résidus alimentaires,Non assigné,Sans statut,2022-12-17
Information,Info-Remorquage,Non assigné,Sans statut,2022-11-26
Information,Permis - Divers,Non assigné,Sans statut,2022-12-06
Information,Info-Remorquage,Non assigné,Sans statut,2022-02-20
Information,Y-Eau - Divers,Non assigné,Sans statut,2022-11-06
Information,Collecte des encombrants,Non assigné,Sans statut,2022-11-06
Information,Y-Eau - Divers,Non assigné,Sans statut,2022-11-06
Information,Organisme divers,Non assigné,Sans statut,2022-11-06
Information,Éclairage existant - Entretien,Non assigné,Sans statut,2022-09-09
Information,Gouvernement du Canada,Non assigné,Sans statut,2022-09-10
Information,Bruit,Non assigné,Sans statut,2022-09-10
Information,Taxes foncières,Non assigné,Sans statut,2022-10-29
Information,Organisme divers,Non assigné,Sans statut,2022-10-29
Information,Sports et loisirs - Activités,Non assigné,Sans statut,2022-10-29
Information,Taxes foncières,Non assigné,Sans statut,2022-10-29
Information,Parc - Divers,Non assigné,Sans statut,2022-08-01
Information,Collecte des encombrants,Non assigné,Sans statut,2022-10-16
Information,Fermeture d'entrée d'eau,Non assigné,Sans statut,2024-12-09
Information,Parc - Divers,Non assigné,Sans statut,2022-09-18
Information,Fuite d'eau,Non assigné,Sans statut,2022-05-01
Information,Y-Eau - Divers,Non assigné,Sans statut,2022-05-01
Information,Info-travaux - Service central,Non assigné,Sans statut,2022-05-01
Information,Parc - Propreté,Non assigné,Sans statut,2022-05-01
Information,Y-Eau - Divers,Non assigné,Sans statut,2022-10-11
Information,Collecte des encombrants,Non assigné,Sans statut,2022-05-28
Information,Distribution de végétaux,Non assigné,Sans statut,2022-05-28
Information,Contrôle animalier,Non assigné,Sans statut,2022-05-28
Information,Info-Remorquage,Non assigné,Sans statut,2023-01-29
Information,Bureau d'arrondissement - Service à la clientèle,Non assigné,Sans statut,2022-12-23
Information,Taxes foncières,Non assigné,Sans statut,2022-09-24
Information,Contrôle animalier,Non assigné,Sans statut,2022-09-24
Information,Maires et élus d'arrondissement,Non assigné,Sans statut,2022-09-24
Information,Feux de circulation - Entretien,Non assigné,Sans statut,2022-11-02
Information,Collecte de déchets,Non assigné,Sans statut,2022-02-13
Information,Sports et loisirs - Activités,Non assigné,Sans statut,2022-02-13
Information,Sports et loisirs - Activités,Non assigné,Sans statut,2022-02-13
Information,Sports et loisirs - Activités,Non assigné,Sans statut,2022-02-13
Information,Intervention stationnement,Non assigné,Sans statut,2022-02-13
Information,Bac roulant,Non assigné,Sans statut,2022-02-13
Information,Collecte de déchets,Non assigné,Sans statut,2022-02-13
Information,Organisme divers,Non assigné,Sans statut,2022-02-13
Information,Bruit,Non assigné,Sans statut,2022-02-13
Information,Éclairage existant - Entretien,Non assigné,Sans statut,2023-08-03
Information,Cour municipale,Non assigné,Sans statut,2023-08-03
Information,Arbre - Divers,Non assigné,Sans statut,2023-08-03
Information,Info-Remorquage,Non assigné,Sans statut,2022-12-28
Information,Collecte des encombrants,Non assigné,Sans statut,2022-12-28
Information,Bureau d'arrondissement - Service à la clientèle,Non assigné,Sans statut,2022-10-03
Information,Collecte de résidus verts,Non assigné,Sans statut,2022-10-03
Information,Taxes foncières,Non assigné,Sans statut,2022-10-03
Information,Collecte de résidus verts,Non assigné,Sans statut,2022-10-03
Information,Fermeture d'une conduite d'eau - Urgence,Non assigné,Sans statut,2022-10-03
Information,Info-Remorquage,Non assigné,Sans statut,2022-10-03
Information,Entrée d'eau en plomb-Autre demande,Non assigné,Sans statut,2022-11-07
Information,Taxes foncières,Non assigné,Sans statut,2022-11-07
Information,Taxes foncières,Non assigné,Sans statut,2022-11-07
Information,Contrôle animalier,Non assigné,Sans statut,2022-11-07
Information,IRP - Police,Non assigné,Sans statut,2022-11-07
Information,Intervention stationnement,Non assigné,Sans statut,2022-11-07
Information,Fermeture d'entrée d'eau,Non assigné,Sans statut,2022-11-07
Information,Distribution de végétaux,Non assigné,Sans statut,2022-10-08
Information,Gouvernement du Québec,Non assigné,Sans statut,2022-10-08
Information,Cour municipale,Non assigné,Sans statut,2022-10-08
Information,Cour municipale,Non assigné,Sans statut,2022-10-08
Information,Collecte de déchets,Non assigné,Sans statut,2022-10-08
Information,Organisme divers,Non assigné,Sans statut,2022-10-08
Information,Animal mort,Non assigné,Sans statut,2022-11-26
Information,Intervention stationnement,Non assigné,Sans statut,2022-11-27
Information,Info-Remorquage,Non assigné,Sans statut,2022-11-27
Information,Info-Remorquage,Non assigné,Sans statut,2022-11-27
Information,Info-Remorquage,Non assigné,Sans statut,2022-11-27
Information,Manque d'eau,Non assigné,Sans statut,2022-11-27
Information,Info-Remorquage,Non assigné,Sans statut,2022-09-25
Information,Branche tombée,Non assigné,Sans statut,2023-03-19
Information,Info-Remorquage,Non assigné,Sans statut,2025-06-07
Information,Info-travaux - Service central,Non assigné,Sans statut,2022-09-19
Information,Fermeture d'une conduite d'eau - Urgence,Non assigné,Sans statut,2022-09-20
Information,Installations sportives extérieures - Entretien,Non assigné,Sans statut,2023-07-14
Information,Plantation d'arbre,Non assigné,Sans statut,2023-02-14
Information,Entrée d'eau en plomb-Demande de filtre,Non assigné,Sans statut,2022-11-14
Information,Ouverture d'entrée d'eau,Non assigné,Sans statut,2022-09-26
Information,SRRR,Non assigné,Sans statut,2022-09-26
Information,Collecte des encombrants,Non assigné,Sans statut,2022-09-26
Information,Bac montréalais (67 litres),Non assigné,Sans statut,2022-09-26
Information,Info-Remorquage,Non assigné,Sans statut,2022-09-26
Information,Bureau d'arrondissement - Service à la clientèle,Non assigné,Sans statut,2022-09-26
Information,Collecte de déchets,Non assigné,Sans statut,2022-09-26
Information,Nid-de-poule,Non assigné,Sans statut,2023-12-16
Information,Collecte des encombrants,Non assigné,Sans statut,2023-01-07
Information,Collecte de déchets,Non assigné,Sans statut,2023-01-07
Information,Cour municipale,Non assigné,Sans statut,2023-01-07
Information,Y-Eau - Divers,Non assigné,Sans statut,2023-01-07
Information,Collecte des encombrants,Non assigné,Sans statut,2022-10-31
Information,Danger potentiel - Arbre,Non assigné,Sans statut,2022-12-24
Information,Cour municipale,Non assigné,Sans statut,2022-02-17
Information,Nid-de-poule,Non assigné,Sans statut,2022-02-17
Information,IRP - Police,Non assigné,Sans statut,2022-11-09
Information,Y-Eau - Divers,Non assigné,Sans statut,2022-11-09
Information,Y-Eau - Divers,Non assigné,Sans statut,2022-11-09
Information,Intervention stationnement,Non assigné,Sans statut,2022-12-03
Information,Collecte de déchets,Non assigné,Sans statut,2022-12-03
Information,Collecte de déchets,Non assigné,Sans statut,2022-12-03
Information,Organisme divers,Non assigné,Sans statut,2022-12-03
Information,Permis - Divers,Non assigné,Sans statut,2022-12-03
Information,Permis - Divers,Non assigné,Sans statut,2022-12-03
Information,Collecte de déchets,Non assigné,Sans statut,2022-12-03
Information,Bureau d'arrondissement - Service à la clientèle,Non assigné,Sans statut,2022-12-03
Information,Gouvernement du Québec,Non assigné,Sans statut,2022-12-03
Information,Collecte des encombrants,Non assigné,Sans statut,2023-04-04
Information,Dépôt illégal - Déchets,Non assigné,Sans statut,2023-04-05
Information,Collecte de résidus alimentaires,Non assigné,Sans statut,2023-04-05
Information,Collecte de déchets,Non assigné,Sans statut,2024-01-07
Information,Opération déneigement,Non assigné,Sans statut,2024-01-07
Information,Fermeture d'entrée d'eau,Non assigné,Sans statut,2024-01-07
Information,Opération déneigement,Non assigné,Sans statut,2024-01-07
Information,Opération déneigement,Non assigné,Sans statut,2024-01-07
Information,Logement - Inspection,Non assigné,Sans statut,2024-01-07
Information,Collecte des encombrants,Non assigné,Sans statut,2024-12-02
Information,Info-Remorquage,Non assigné,Sans statut,2022-09-25
Information,Info-Remorquage,Non assigné,Sans statut,2022-09-25
Information,Info-Remorquage,Non assigné,Sans statut,2022-09-25
Information,Info-Remorquage,Non assigné,Sans statut,2022-09-25
Information,Info-travaux - Service central,Non assigné,Sans statut,2022-09-25
Information,Info-Remorquage,Non assigné,Sans statut,2022-09-25
Information,Info-Remorquage,Non assigné,Sans statut,2022-09-25
Information,Info-Remorquage,Non assigné,Sans statut,2022-09-25
Information,Info-Remorquage,Non assigné,Sans statut,2022-09-25
Information,Organisme divers,Non assigné,Sans statut,2022-12-24
Information,Fuite d'eau,Non assigné,Sans statut,2022-12-24
Information,Info-Remorquage,Non assigné,Sans statut,2022-12-24
Information,Fuite d'eau,Non assigné,Sans statut,2022-12-24
Information,Fuite d'eau,Non assigné,Sans statut,2022-10-09
Information,Info-Remorquage,Non assigné,Sans statut,2022-10-23
Information,Y-Eau - Divers,Non assigné,Sans statut,2022-10-23
Information,Permis - Divers,Non assigné,Sans statut,2022-10-23
Information,Contrôle animalier,Non assigné,Sans statut,2022-10-23
Information,Manque d'eau,Non assigné,Sans statut,2022-11-13
Information,Intervention stationnement,Non assigné,Sans statut,2024-02-09
Information,Intervention stationnement,Non assigné,Sans statut,2024-02-09
Information,Refoulement égout / Inondation Propriété privée,Non assigné,Sans statut,2024-02-09
Information,Info-Remorquage,Non assigné,Sans statut,2024-02-10
Information,Voirie - Divers,Non assigné,Sans statut,2024-02-10
Information,Débris sur la voie publique,Non assigné,Sans statut,2024-02-10
Information,Chalet de parc,Non assigné,Sans statut,2026-05-09
Information,Branche tombée,Non assigné,Sans statut,2023-04-27
Information,Logement - Inspection,Non assigné,Sans statut,2023-07-16
Information,Logement - Inspection,Non assigné,Sans statut,2023-07-16
Information,Taxes foncières,Non assigné,Sans statut,2022-06-20
Information,Info-travaux - Service central,Non assigné,Sans statut,2022-10-23
Information,Taxes foncières,Non assigné,Sans statut,2022-10-23
Information,Info-Remorquage,Non assigné,Sans statut,2022-10-23
Information,Fermeture d'entrée d'eau,Non assigné,Sans statut,2022-10-23
Information,Bruit,Non assigné,Sans statut,2022-10-23
Information,Fermeture d'entrée d'eau,Non assigné,Sans statut,2022-10-23
Information,Info-Remorquage,Non assigné,Sans statut,2022-10-23
Information,Accès à l'information,Non assigné,Sans statut,2022-10-23
Information,*Z-Puisard,Non assigné,Sans statut,2023-02-11
Information,Taxes foncières,Non assigné,Sans statut,2023-02-11
Information,Plainte contre un agent de stationnement,Non assigné,Sans statut,2023-02-11
Information,Opération déneigement,Non assigné,Sans statut,2023-02-11
Information,Info-Remorquage,Non assigné,Sans statut,2023-03-07
Information,Manque d'eau,Non assigné,Sans statut,2023-03-07
Information,Bureau d'arrondissement - Service à la clientèle,Non assigné,Sans statut,2023-01-08
Information,Collecte d'arbres de Noël,Non assigné,Sans statut,2023-01-08
Information,Bac roulant,Non assigné,Sans statut,2023-01-08
Information,Personnel - Arrondissement,Non assigné,Sans statut,2023-01-08
Information,Sports et loisirs - Activités,Non assigné,Sans statut,2023-01-08
Information,Fermeture d'une conduite d'eau - Urgence,Non assigné,Sans statut,2022-11-27
Information,Signalisation - Circulation - Études,Non assigné,Sans statut,2022-11-27
Information,*Réclamation,Non assigné,Sans statut,2022-02-18
Information,Sports et loisirs - Activités,Non assigné,Sans statut,2022-02-18
Information,Fermeture d'une conduite d'eau - Urgence,Non assigné,Sans statut,2025-08-19
Information,Fermeture d'une conduite d'eau - Urgence,Non assigné,Sans statut,2025-08-19
Information,Info-Remorquage,Non assigné,Sans statut,2022-10-30
Information,Info-Remorquage,Non assigné,Sans statut,2022-10-30
Information,Organisme divers,Non assigné,Sans statut,2023-06-02
Information,Mobilier de parc,Non assigné,Sans statut,2024-06-15
Information,Collecte des encombrants,Non assigné,Sans statut,2024-03-23
Information,Opération déneigement,Non assigné,Sans statut,2024-03-23
Information,Collecte des encombrants,Non assigné,Sans statut,2024-03-23
Information,Collecte de déchets,Non assigné,Sans statut,2022-11-30
Information,Taxes foncières,Non assigné,Sans statut,2023-01-17
Information,Collecte de déchets,Non assigné,Sans statut,2025-06-03
Information,Taxes foncières,Non assigné,Sans statut,2025-06-03
Information,Voirie - Divers,Non assigné,Sans statut,2025-06-03
Information,Collecte des matières recyclables,Non assigné,Sans statut,2022-08-02
Information,Permis de construction - rénovation,Non assigné,Sans statut,2022-11-05
Information,Collecte des matières recyclables,Non assigné,Sans statut,2022-11-05
Information,Manque d'eau,Non assigné,Sans statut,2022-03-06
Information,Taxes foncières,Non assigné,Sans statut,2023-02-22
Information,Taxes foncières,Non assigné,Sans statut,2023-02-22
Information,Info-Remorquage,Non assigné,Sans statut,2023-01-29
Information,Info-Remorquage,Non assigné,Sans statut,2023-01-29
Information,Info-Remorquage,Non assigné,Sans statut,2023-01-29
Information,Bruit,Non assigné,Sans statut,2022-11-18
Information,Trottoir glissant,Non assigné,Sans statut,2022-12-23
Information,Surveillance et sécurité publique,Non assigné,Sans statut,2022-11-01
Information,Bureau d'arrondissement - Service à la clientèle,Non assigné,Sans statut,2022-11-01
Information,Collecte de résidus verts,Non assigné,Sans statut,2022-11-01
Information,SRRR,Non assigné,Sans statut,2022-11-01
Information,Permis - Divers,Non assigné,Sans statut,2022-11-01
Information,Collecte des encombrants,Non assigné,Sans statut,2026-02-11
Information,Taxes foncières,Non assigné,Sans statut,2026-02-11
Information,Collecte de déchets,Non assigné,Sans statut,2022-11-01
Information,Y-Eau - Divers,Non assigné,Sans statut,2022-11-01
Information,Info-Remorquage,Non assigné,Sans statut,2022-11-01
Information,Ouverture d'entrée d'eau,Non assigné,Sans statut,2022-11-01
Information,Localisation / Entretien Entrée d'eau,Non assigné,Sans statut,2022-11-01
Information,Collecte de résidus verts,Non assigné,Sans statut,2022-11-01
Information,Collecte de déchets,Non assigné,Sans statut,2022-11-01
Information,Bac roulant,Non assigné,Sans statut,2023-05-27
Information,Collecte de déchets,Non assigné,Sans statut,2023-05-27
Information,Chaussée glissante,Non assigné,Sans statut,2022-01-17
Information,Permis - Divers,Non assigné,Sans statut,2022-01-17
