station,date_heure,carbone_noir,monoxyde_carbone,ozone,particules_fines,dioxyde_soufre
03006 - Québec - Vieux-Limoilou,2025-07-01 00:00:00,7.1724,0.4897,6.6078,25.4002,0.0397
03006 - Québec - Vieux-Limoilou,2025-07-01 01:00:00,3.3619,0.4507,3.5532,22.2887,0.091
03006 - Québec - Vieux-Limoilou,2025-07-01 02:00:00,1.8925,NA,8.4092,17.4211,0.0634
03006 - Québec - Vieux-Limoilou,2025-07-01 03:00:00,0.9089,0.2354,9.2892,12.9813,0.124
03006 - Québec - Vieux-Limoilou,2025-07-01 04:00:00,1.0112,0.2217,6.2053,12.9623,0.0654
03006 - Québec - Vieux-Limoilou,2025-07-01 05:00:00,0.5858,0.1962,9.8378,11.3953,0.0313
03006 - Québec - Vieux-Limoilou,2025-07-01 06:00:00,0.581,0.2075,8.7919,10.6519,0.0545
03006 - Québec - Vieux-Limoilou,2025-07-01 07:00:00,0.7443,0.2145,7.6165,10.3366,0.0312
03006 - Québec - Vieux-Limoilou,2025-07-01 08:00:00,1.0895,0.2382,5.3678,9.9592,0.0282
03006 - Québec - Vieux-Limoilou,2025-07-01 09:00:00,1.0296,0.2375,7.4118,8.9222,0.0312
03006 - Québec - Vieux-Limoilou,2025-07-01 10:00:00,0.827,0.2293,9.9247,7.4238,0.0365
03006 - Québec - Vieux-Limoilou,2025-07-01 11:00:00,0.6874,0.2154,9.8725,5.1774,0.0303
03006 - Québec - Vieux-Limoilou,2025-07-01 12:00:00,0.8008,0.2193,10.8671,4.9027,0.043
03006 - Québec - Vieux-Limoilou,2025-07-01 13:00:00,1.1351,0.236,15.056,4.6174,0.0338
03006 - Québec - Vieux-Limoilou,2025-07-01 14:00:00,0.7604,0.2274,23.9762,10.2434,0.0248
03006 - Québec - Vieux-Limoilou,2025-07-01 15:00:00,0.4448,0.1996,30.0424,8.5707,0.0267
03006 - Québec - Vieux-Limoilou,2025-07-01 16:00:00,0.4224,0.2032,31.9614,8.7086,0.0135
03006 - Québec - Vieux-Limoilou,2025-07-01 17:00:00,0.3862,0.1938,31.7301,6.4899,0.0215
03006 - Québec - Vieux-Limoilou,2025-07-01 18:00:00,0.1241,0.1593,35.8028,3.6099,0.0137
03006 - Québec - Vieux-Limoilou,2025-07-01 19:00:00,0.196,0.166,33.4164,3.3153,0.01
03006 - Québec - Vieux-Limoilou,2025-07-01 20:00:00,0.2597,0.1903,30.7864,3.3467,0.0137
03006 - Québec - Vieux-Limoilou,2025-07-01 21:00:00,0.2775,0.1836,26.3425,3.6772,0.0163
03006 - Québec - Vieux-Limoilou,2025-07-01 22:00:00,0.3885,0.1972,22.0271,4.072,0.0128
03006 - Québec - Vieux-Limoilou,2025-07-01 23:00:00,0.3996,0.2033,17.6807,4.3869,0.0163
03006 - Québec - Vieux-Limoilou,2025-07-02 00:00:00,0.4897,0.1935,14.1519,5.2119,0.0163
03006 - Québec - Vieux-Limoilou,2025-07-02 01:00:00,0.2644,0.1534,16.4338,7.0282,0.0168
03006 - Québec - Vieux-Limoilou,2025-07-02 02:00:00,0.23,NA,15.0379,6.1737,0.0132
03006 - Québec - Vieux-Limoilou,2025-07-02 03:00:00,0.2009,0.1625,12.4763,6.3999,0.0098
03006 - Québec - Vieux-Limoilou,2025-07-02 04:00:00,0.2845,0.1824,11.5219,6.3023,0.0257
03006 - Québec - Vieux-Limoilou,2025-07-02 05:00:00,0.2748,0.273,11.4981,7.0641,0.017
03006 - Québec - Vieux-Limoilou,2025-07-02 06:00:00,0.4037,0.2881,13.015,8.848,0.0228
03006 - Québec - Vieux-Limoilou,2025-07-02 07:00:00,0.4821,0.24,14.7664,9.9686,0.0207
03006 - Québec - Vieux-Limoilou,2025-07-02 08:00:00,0.2568,0.1615,24.7689,5.9384,0.013
03006 - Québec - Vieux-Limoilou,2025-07-02 09:00:00,0.2634,0.1505,26.8419,7.0925,0.0118
03006 - Québec - Vieux-Limoilou,2025-07-02 10:00:00,0.2864,0.1587,28.685,8.4889,0.0148
03006 - Québec - Vieux-Limoilou,2025-07-02 11:00:00,0.2624,0.1614,32.7225,7.7186,0.0172
03006 - Québec - Vieux-Limoilou,2025-07-02 12:00:00,0.205,0.1598,34.021,6.8215,0.0195
03006 - Québec - Vieux-Limoilou,2025-07-02 13:00:00,0.2576,0.1595,37.4383,7.8151,0.012
03006 - Québec - Vieux-Limoilou,2025-07-02 14:00:00,0.3239,0.1766,39.3737,9.5349,0.0122
03006 - Québec - Vieux-Limoilou,2025-07-02 15:00:00,0.3867,0.1792,39.1476,10.2184,0.0182
03006 - Québec - Vieux-Limoilou,2025-07-02 16:00:00,0.3484,0.1803,38.9668,10.6449,0.0152
03006 - Québec - Vieux-Limoilou,2025-07-02 17:00:00,0.4173,0.1845,38.5212,12.1927,0.0118
03006 - Québec - Vieux-Limoilou,2025-07-02 18:00:00,0.5057,0.203,37.5564,12.5274,0.0145
03006 - Québec - Vieux-Limoilou,2025-07-02 19:00:00,0.5513,0.2046,36.8094,14.4171,0.0195
03006 - Québec - Vieux-Limoilou,2025-07-02 20:00:00,0.7632,0.2291,34.3051,16.2742,0.0228
03006 - Québec - Vieux-Limoilou,2025-07-02 21:00:00,0.8986,0.2394,29.4346,17.0201,0.0168
03006 - Québec - Vieux-Limoilou,2025-07-02 22:00:00,0.894,0.2544,26.5397,17.9459,0.0293
03006 - Québec - Vieux-Limoilou,2025-07-02 23:00:00,1.199,0.2908,21.29,19.1738,0.0183
03006 - Québec - Vieux-Limoilou,2025-07-03 00:00:00,1.093,0.2622,21.881,18.4944,0.0177
03006 - Québec - Vieux-Limoilou,2025-07-03 01:00:00,1.1064,0.2264,21.5778,18.2178,0.0234
03006 - Québec - Vieux-Limoilou,2025-07-03 02:00:00,1.0411,NA,17.1434,18.7727,0.0198
03006 - Québec - Vieux-Limoilou,2025-07-03 03:00:00,0.7454,0.2286,17.1793,17.2689,0.0146
03006 - Québec - Vieux-Limoilou,2025-07-03 04:00:00,0.6034,0.2219,12.7349,15.5328,0.0261
03006 - Québec - Vieux-Limoilou,2025-07-03 05:00:00,0.5515,0.2191,11.0732,14.7909,0.0168
03006 - Québec - Vieux-Limoilou,2025-07-03 06:00:00,0.5759,0.2323,11.6239,15.1992,0.0148
03006 - Québec - Vieux-Limoilou,2025-07-03 07:00:00,0.9442,0.2643,9.1942,15.9706,0.0188
03006 - Québec - Vieux-Limoilou,2025-07-03 08:00:00,1.3526,0.311,10.0364,17.1094,0.0363
03006 - Québec - Vieux-Limoilou,2025-07-03 09:00:00,0.9118,0.2621,18.7325,16.0668,0.024
03006 - Québec - Vieux-Limoilou,2025-07-03 10:00:00,0.7052,0.2299,27.1756,15.8707,0.0228
03006 - Québec - Vieux-Limoilou,2025-07-03 11:00:00,0.5608,0.2313,32.6114,16.5068,0.327
03006 - Québec - Vieux-Limoilou,2025-07-03 12:00:00,0.4897,0.2165,32.4663,15.6705,0.6115
03006 - Québec - Vieux-Limoilou,2025-07-03 13:00:00,0.4448,0.2263,NA,12.4522,0.3611
03006 - Québec - Vieux-Limoilou,2025-07-03 14:00:00,0.5401,0.2209,32.5521,12.042,0.0918
03006 - Québec - Vieux-Limoilou,2025-07-03 15:00:00,0.5229,0.2171,33.6507,12.3384,0.0687
03006 - Québec - Vieux-Limoilou,2025-07-03 16:00:00,0.4946,0.2275,34.2889,11.4904,0.063
03006 - Québec - Vieux-Limoilou,2025-07-03 17:00:00,0.5021,0.2137,31.6075,11.694,0.0453
03006 - Québec - Vieux-Limoilou,2025-07-03 18:00:00,0.4338,0.2089,29.196,12.1182,0.0362
03006 - Québec - Vieux-Limoilou,2025-07-03 19:00:00,0.3467,0.1975,26.3383,10.4787,0.0342
03006 - Québec - Vieux-Limoilou,2025-07-03 20:00:00,0.405,0.2069,23.2306,9.3596,0.0317
03006 - Québec - Vieux-Limoilou,2025-07-03 21:00:00,0.357,0.2061,18.6485,8.1499,0.0262
03006 - Québec - Vieux-Limoilou,2025-07-03 22:00:00,0.3261,0.1983,15.6599,7.3748,0.031
03006 - Québec - Vieux-Limoilou,2025-07-03 23:00:00,0.1657,0.1562,17.7712,5.2539,0.0202
03006 - Québec - Vieux-Limoilou,2025-07-04 00:00:00,0.1382,0.1454,17.2308,4.76,0.0247
03006 - Québec - Vieux-Limoilou,2025-07-04 01:00:00,0.0987,0.131,16.8828,4.0921,0.0216
03006 - Québec - Vieux-Limoilou,2025-07-04 02:00:00,0.0758,NA,17.5211,3.4453,0.0187
03006 - Québec - Vieux-Limoilou,2025-07-04 03:00:00,0.0845,0.1327,16.5022,3.1382,0.0252
03006 - Québec - Vieux-Limoilou,2025-07-04 04:00:00,0.0754,0.1333,15.0466,3.2661,0.0196
03006 - Québec - Vieux-Limoilou,2025-07-04 05:00:00,0.1244,0.1364,12.3336,3.4884,0.0205
03006 - Québec - Vieux-Limoilou,2025-07-04 06:00:00,0.1016,0.1381,12.2921,3.0604,0.0163
03006 - Québec - Vieux-Limoilou,2025-07-04 07:00:00,0.206,0.1591,12.0628,3.028,0.0225
03006 - Québec - Vieux-Limoilou,2025-07-04 08:00:00,0.203,0.1537,14.9224,2.8602,0.0292
03006 - Québec - Vieux-Limoilou,2025-07-04 09:00:00,0.1139,0.1374,23.1682,2.7763,0.0388
03006 - Québec - Vieux-Limoilou,2025-07-04 10:00:00,0.1358,0.1426,23.2808,2.8331,0.0428
03006 - Québec - Vieux-Limoilou,2025-07-04 11:00:00,0.209,0.1761,21.4911,2.9218,0.034
03006 - Québec - Vieux-Limoilou,2025-07-04 12:00:00,0.3233,0.1869,19.7771,3.261,0.0267
03006 - Québec - Vieux-Limoilou,2025-07-04 13:00:00,0.2274,0.1676,22.1699,3.4394,0.0477
03006 - Québec - Vieux-Limoilou,2025-07-04 14:00:00,0.1387,0.1612,26.6151,3.1451,0.051
03006 - Québec - Vieux-Limoilou,2025-07-04 15:00:00,0.1003,0.1631,28.2642,3.3366,0.0453
03006 - Québec - Vieux-Limoilou,2025-07-04 16:00:00,0.1182,0.1682,29.4572,3.3999,0.0325
03006 - Québec - Vieux-Limoilou,2025-07-04 17:00:00,0.1139,0.1523,30.4081,3.4792,0.032
03006 - Québec - Vieux-Limoilou,2025-07-04 18:00:00,0.1635,0.152,32.0971,3.891,0.0267
03006 - Québec - Vieux-Limoilou,2025-07-04 19:00:00,0.1512,0.1555,30.5903,3.4489,0.026
03006 - Québec - Vieux-Limoilou,2025-07-04 20:00:00,0.3553,0.2118,27.0118,4.7553,0.0343
03006 - Québec - Vieux-Limoilou,2025-07-04 21:00:00,0.9895,0.3041,19.0737,6.9146,0.0355
03006 - Québec - Vieux-Limoilou,2025-07-04 22:00:00,1.4551,0.3375,17.0381,9.1199,0.0342
03006 - Québec - Vieux-Limoilou,2025-07-04 23:00:00,1.229,0.3227,15.6042,10.1406,0.0432
03006 - Québec - Vieux-Limoilou,2025-07-05 00:00:00,1.1914,0.2827,15.3592,9.0276,0.0422
03006 - Québec - Vieux-Limoilou,2025-07-05 01:00:00,0.7625,0.2226,17.3178,6.8778,0.0348
03006 - Québec - Vieux-Limoilou,2025-07-05 02:00:00,0.4647,NA,16.2085,6.2639,0.0402
03006 - Québec - Vieux-Limoilou,2025-07-05 03:00:00,0.4285,0.1772,14.8077,6.0774,0.038
03006 - Québec - Vieux-Limoilou,2025-07-05 04:00:00,0.5057,0.1862,13.0517,6.1489,0.0422
03006 - Québec - Vieux-Limoilou,2025-07-05 05:00:00,0.3286,0.1824,12.3769,6.3465,0.0362
03006 - Québec - Vieux-Limoilou,2025-07-05 06:00:00,0.2957,0.1828,14.8944,6.2315,0.0357
03006 - Québec - Vieux-Limoilou,2025-07-05 07:00:00,0.3346,0.1829,16.2989,6.3968,0.0838
03006 - Québec - Vieux-Limoilou,2025-07-05 08:00:00,0.2867,0.2086,18.1989,6.1673,0.2922
03006 - Québec - Vieux-Limoilou,2025-07-05 09:00:00,0.2882,0.1978,21.5437,6.0665,0.6218
03006 - Québec - Vieux-Limoilou,2025-07-05 10:00:00,0.2774,0.1838,24.129,5.5279,0.6658
03006 - Québec - Vieux-Limoilou,2025-07-05 11:00:00,0.2397,0.1613,26.39,4.7158,0.4335
03006 - Québec - Vieux-Limoilou,2025-07-05 12:00:00,0.1717,0.1499,29.3538,3.845,0.2772
03006 - Québec - Vieux-Limoilou,2025-07-05 13:00:00,0.1785,0.151,30.3841,3.9061,0.2117
03006 - Québec - Vieux-Limoilou,2025-07-05 14:00:00,0.179,0.1524,30.9183,3.8958,0.1787
03006 - Québec - Vieux-Limoilou,2025-07-05 15:00:00,0.2687,0.166,31.8072,4.717,0.1353
03006 - Québec - Vieux-Limoilou,2025-07-05 16:00:00,0.3682,0.1733,34.0706,5.3163,0.0658
03006 - Québec - Vieux-Limoilou,2025-07-05 17:00:00,0.3976,0.1806,36.9156,5.8259,0.0493
03006 - Québec - Vieux-Limoilou,2025-07-05 18:00:00,0.3129,0.183,31.1988,5.2905,0.0332
03006 - Québec - Vieux-Limoilou,2025-07-05 19:00:00,0.3269,0.1938,28.3958,5.77,0.0293
03006 - Québec - Vieux-Limoilou,2025-07-05 20:00:00,0.3073,0.1813,26.0664,5.3731,0.0268
03006 - Québec - Vieux-Limoilou,2025-07-05 21:00:00,0.413,0.1861,26.0385,6.0539,0.0248
03006 - Québec - Vieux-Limoilou,2025-07-05 22:00:00,0.4652,0.1911,25.5326,5.8714,0.0155
03006 - Québec - Vieux-Limoilou,2025-07-05 23:00:00,0.475,0.2202,20.6871,6.2622,0.023
03006 - Québec - Vieux-Limoilou,2025-07-06 00:00:00,0.4599,0.236,19.1101,6.2279,0.0198
03006 - Québec - Vieux-Limoilou,2025-07-06 01:00:00,0.6342,0.2278,17.403,6.6288,0.0226
03006 - Québec - Vieux-Limoilou,2025-07-06 02:00:00,0.6922,NA,10.8298,6.6663,0.0209
03006 - Québec - Vieux-Limoilou,2025-07-06 03:00:00,0.5893,0.215,9.7822,6.9075,0.0222
03006 - Québec - Vieux-Limoilou,2025-07-06 04:00:00,0.4398,0.1912,9.5879,6.2212,0.0285
03006 - Québec - Vieux-Limoilou,2025-07-06 05:00:00,0.443,0.2049,8.7521,6.0686,0.0193
03006 - Québec - Vieux-Limoilou,2025-07-06 06:00:00,0.3994,0.2038,10.5825,5.9432,0.0218
03006 - Québec - Vieux-Limoilou,2025-07-06 07:00:00,0.4562,0.2013,11.6485,5.8566,0.0157
03006 - Québec - Vieux-Limoilou,2025-07-06 08:00:00,0.4444,0.1958,16.8423,6.7643,0.0212
03006 - Québec - Vieux-Limoilou,2025-07-06 09:00:00,0.5059,0.2116,16.8947,7.3745,0.0107
03006 - Québec - Vieux-Limoilou,2025-07-06 10:00:00,0.6029,0.2223,20.4121,8.4797,0.0095
03006 - Québec - Vieux-Limoilou,2025-07-06 11:00:00,0.5629,0.2118,25.0581,8.9933,0.0187
03006 - Québec - Vieux-Limoilou,2025-07-06 12:00:00,0.5431,0.2099,24.3449,10.1343,0.0182
03006 - Québec - Vieux-Limoilou,2025-07-06 13:00:00,0.5002,0.2179,28.4025,10.5495,0.014
03006 - Québec - Vieux-Limoilou,2025-07-06 14:00:00,0.506,0.2227,31.534300000000002,11.4643,0.018
03006 - Québec - Vieux-Limoilou,2025-07-06 15:00:00,0.5532,0.2338,37.7414,12.8261,0.0092
03006 - Québec - Vieux-Limoilou,2025-07-06 16:00:00,0.5502,0.2556,32.7165,13.0497,0.0273
03006 - Québec - Vieux-Limoilou,2025-07-06 17:00:00,NA,0.2035,NA,4.8777,0.0493
03006 - Québec - Vieux-Limoilou,2025-07-06 18:00:00,0.3613,0.2023,32.5869,5.7318,0.018
03006 - Québec - Vieux-Limoilou,2025-07-06 19:00:00,0.3187,0.1834,31.8428,5.8794,0.011
03006 - Québec - Vieux-Limoilou,2025-07-06 20:00:00,0.4532,0.1893,28.9158,6.0585,0.0112
03006 - Québec - Vieux-Limoilou,2025-07-06 21:00:00,0.3671,0.2067,25.0985,6.4107,0.0055
03006 - Québec - Vieux-Limoilou,2025-07-06 22:00:00,0.3515,0.2195,22.8908,6.6156,0.0127
03006 - Québec - Vieux-Limoilou,2025-07-06 23:00:00,0.9467,0.2875,21.4315,24.4075,0.028
03006 - Québec - Vieux-Limoilou,2025-07-07 00:00:00,1.3477,0.2956,20.8971,33.0914,0.0317
03006 - Québec - Vieux-Limoilou,2025-07-07 01:00:00,0.997,0.2558,21.292,26.9351,0.023
03006 - Québec - Vieux-Limoilou,2025-07-07 02:00:00,0.356,NA,21.8065,11.3825,0.0096
03006 - Québec - Vieux-Limoilou,2025-07-07 03:00:00,0.5304,0.1775,14.2462,9.5243,0.018
03006 - Québec - Vieux-Limoilou,2025-07-07 04:00:00,0.3439,0.1733,20.2827,10.5093,0.0163
03006 - Québec - Vieux-Limoilou,2025-07-07 05:00:00,0.4179,0.1703,18.7382,10.7564,0.0088
03006 - Québec - Vieux-Limoilou,2025-07-07 06:00:00,0.3056,0.1542,24.2399,7.9844,0.0038
03006 - Québec - Vieux-Limoilou,2025-07-07 07:00:00,0.3333,0.1548,24.2638,6.8991,0.0095
03006 - Québec - Vieux-Limoilou,2025-07-07 08:00:00,0.5143,0.1612,21.4928,6.9451,0.0128
03006 - Québec - Vieux-Limoilou,2025-07-07 09:00:00,0.4375,0.1345,19.9689,5.7558,0.0058
03006 - Québec - Vieux-Limoilou,2025-07-07 10:00:00,0.286,0.1404,22.3008,5.326,0.013
03006 - Québec - Vieux-Limoilou,2025-07-07 11:00:00,0.3046,0.1516,21.5371,5.3826,0.0203
03006 - Québec - Vieux-Limoilou,2025-07-07 12:00:00,0.2392,0.1534,22.3439,4.8776,0.044
03006 - Québec - Vieux-Limoilou,2025-07-07 13:00:00,0.2602,0.1446,20.149,5.3872,0.0198
03006 - Québec - Vieux-Limoilou,2025-07-07 14:00:00,0.3099,0.1478,22.3733,5.9674,0.0108
03006 - Québec - Vieux-Limoilou,2025-07-07 15:00:00,0.3119,0.1504,23.1335,5.6605,0.0148
03006 - Québec - Vieux-Limoilou,2025-07-07 16:00:00,0.2734,0.1517,23.5288,5.2443,0.034
03006 - Québec - Vieux-Limoilou,2025-07-07 17:00:00,0.3694,0.1544,19.0332,4.3854,0.0127
03006 - Québec - Vieux-Limoilou,2025-07-07 18:00:00,0.3494,0.1504,19.9437,4.3205,0.0133
03006 - Québec - Vieux-Limoilou,2025-07-07 19:00:00,0.4274,0.1299,21.7878,3.7636,0.0098
03006 - Québec - Vieux-Limoilou,2025-07-07 20:00:00,0.335,0.1231,22.7918,4.2817,0.0127
03006 - Québec - Vieux-Limoilou,2025-07-07 21:00:00,0.3337,0.1271,23.5878,4.5802,0.0182
03006 - Québec - Vieux-Limoilou,2025-07-07 22:00:00,0.3666,0.1302,21.4794,4.8412,0.0142
03006 - Québec - Vieux-Limoilou,2025-07-07 23:00:00,0.2843,0.1373,23.7558,4.3256,0.0145
03006 - Québec - Vieux-Limoilou,2025-07-08 00:00:00,0.2476,0.1454,22.379,4.2724,0.015
03006 - Québec - Vieux-Limoilou,2025-07-08 01:00:00,0.2926,0.1522,18.9323,4.6031,0.0114
03006 - Québec - Vieux-Limoilou,2025-07-08 02:00:00,0.1433,NA,16.8838,4.691,0.0132
03006 - Québec - Vieux-Limoilou,2025-07-08 03:00:00,0.2313,0.1598,14.8145,5.1726,0.0164
03006 - Québec - Vieux-Limoilou,2025-07-08 04:00:00,0.1968,0.1619,12.8319,5.1745,0.0291
03006 - Québec - Vieux-Limoilou,2025-07-08 05:00:00,0.1981,0.1928,8.8915,5.1992,0.0157
03006 - Québec - Vieux-Limoilou,2025-07-08 06:00:00,0.235,0.209,11.1611,5.1837,0.021
03006 - Québec - Vieux-Limoilou,2025-07-08 07:00:00,0.3141,0.1636,16.8511,5.1302,0.0155
03006 - Québec - Vieux-Limoilou,2025-07-08 08:00:00,0.2443,0.1609,20.0326,4.8967,0.0272
03006 - Québec - Vieux-Limoilou,2025-07-08 09:00:00,0.1566,0.1467,21.5926,4.9608,0.0122
03006 - Québec - Vieux-Limoilou,2025-07-08 10:00:00,0.4437,0.1455,21.4313,5.4836,0.0218
03006 - Québec - Vieux-Limoilou,2025-07-08 11:00:00,0.8376,0.1431,19.0158,6.3918,0.0478
03006 - Québec - Vieux-Limoilou,2025-07-08 12:00:00,0.6077,0.137,21.4379,5.2243,0.07
03006 - Québec - Vieux-Limoilou,2025-07-08 13:00:00,0.2334,0.125,26.1493,5.1241,0.067
03006 - Québec - Vieux-Limoilou,2025-07-08 14:00:00,0.2151,0.1226,26.1412,4.6489,0.0673
03006 - Québec - Vieux-Limoilou,2025-07-08 15:00:00,0.2882,0.145,24.4867,5.3246,0.0775
03006 - Québec - Vieux-Limoilou,2025-07-08 16:00:00,0.3706,0.1634,22.1237,5.1883,0.0753
03006 - Québec - Vieux-Limoilou,2025-07-08 17:00:00,0.3225,0.1483,23.0604,4.779,0.047
03006 - Québec - Vieux-Limoilou,2025-07-08 18:00:00,0.18,0.1306,23.5742,4.7681,0.0333
03006 - Québec - Vieux-Limoilou,2025-07-08 19:00:00,0.4509,0.1398,17.1976,5.0499,0.0533
03006 - Québec - Vieux-Limoilou,2025-07-08 20:00:00,1.1666,0.2078,12.6843,5.9155,0.0675
03006 - Québec - Vieux-Limoilou,2025-07-08 21:00:00,0.599,0.1671,18.3081,7.4737,0.0427
03006 - Québec - Vieux-Limoilou,2025-07-08 22:00:00,0.9383,0.1656,12.2407,7.4883,0.0414
03006 - Québec - Vieux-Limoilou,2025-07-08 23:00:00,0.8745,0.2028,10.0961,6.7811,0.102
03006 - Québec - Vieux-Limoilou,2025-07-09 00:00:00,0.4602,0.1836,12.0333,5.7639,0.0315
03006 - Québec - Vieux-Limoilou,2025-07-09 01:00:00,0.4882,0.1684,7.1781,5.757,0.078
03006 - Québec - Vieux-Limoilou,2025-07-09 02:00:00,0.2544,NA,8.5948,5.6137,0.0587
03006 - Québec - Vieux-Limoilou,2025-07-09 03:00:00,0.2252,0.1603,7.3885,5.3593,0.0556
03006 - Québec - Vieux-Limoilou,2025-07-09 04:00:00,0.5464,0.1997,2.7084,6.4026,0.0815
03006 - Québec - Vieux-Limoilou,2025-07-09 05:00:00,0.7971,0.2465,2.0439,6.8278,0.0815
03006 - Québec - Vieux-Limoilou,2025-07-09 06:00:00,0.4242,0.1909,7.8037,5.898,0.0608
03006 - Québec - Vieux-Limoilou,2025-07-09 07:00:00,0.542,0.1473,7.9636,6.3187,0.0997
03006 - Québec - Vieux-Limoilou,2025-07-09 08:00:00,0.4798,0.1348,10.616,7.1694,0.2788
03006 - Québec - Vieux-Limoilou,2025-07-09 09:00:00,0.4472,0.131,15.8276,7.6234,0.53
03006 - Québec - Vieux-Limoilou,2025-07-09 10:00:00,0.3772,0.1354,19.4149,7.4402,0.3082
03006 - Québec - Vieux-Limoilou,2025-07-09 11:00:00,NA,0.1863,23.3928,7.4591,0.4367
03006 - Québec - Vieux-Limoilou,2025-07-09 12:00:00,NA,0.1495,23.8647,6.0655,0.3222
03006 - Québec - Vieux-Limoilou,2025-07-09 13:00:00,NA,0.1815,16.6146,7.4129,0.3743
03006 - Québec - Vieux-Limoilou,2025-07-09 14:00:00,NA,0.222,20.6224,5.32,0.3272
03006 - Québec - Vieux-Limoilou,2025-07-09 15:00:00,NA,0.1669,25.7314,4.3373,0.2045
03006 - Québec - Vieux-Limoilou,2025-07-09 16:00:00,NA,0.1803,26.7281,4.4228,0.1383
03006 - Québec - Vieux-Limoilou,2025-07-09 17:00:00,NA,0.1552,27.7364,4.5791,0.1275
03006 - Québec - Vieux-Limoilou,2025-07-09 18:00:00,NA,0.146,18.299,6.1269,0.1572
03006 - Québec - Vieux-Limoilou,2025-07-09 19:00:00,NA,0.1326,18.3479,5.206,0.1522
03006 - Québec - Vieux-Limoilou,2025-07-09 20:00:00,NA,0.1448,10.5487,5.9921,0.109
03006 - Québec - Vieux-Limoilou,2025-07-09 21:00:00,NA,0.153,9.1201,6.4553,0.0838
03006 - Québec - Vieux-Limoilou,2025-07-09 22:00:00,NA,0.1663,11.4628,8.0175,0.0915
03006 - Québec - Vieux-Limoilou,2025-07-09 23:00:00,NA,0.1706,13.3864,8.4946,0.1563
03006 - Québec - Vieux-Limoilou,2025-07-10 00:00:00,NA,0.1596,11.999,8.9851,0.1897
03006 - Québec - Vieux-Limoilou,2025-07-10 01:00:00,NA,0.1677,13.2247,8.7985,0.0712
03006 - Québec - Vieux-Limoilou,2025-07-10 02:00:00,NA,NA,7.2945,9.3376,0.1085
03006 - Québec - Vieux-Limoilou,2025-07-10 03:00:00,NA,0.1475,9.5707,7.4827,0.0612
03006 - Québec - Vieux-Limoilou,2025-07-10 04:00:00,NA,0.1547,5.933,9.6975,0.1602
03006 - Québec - Vieux-Limoilou,2025-07-10 05:00:00,NA,0.1714,5.505,11.5726,0.2682
03006 - Québec - Vieux-Limoilou,2025-07-10 06:00:00,NA,0.1727,7.2876,11.0084,0.2228
03006 - Québec - Vieux-Limoilou,2025-07-10 07:00:00,NA,0.1671,8.7251,13.4571,0.2275
03006 - Québec - Vieux-Limoilou,2025-07-10 08:00:00,NA,0.1364,18.3639,8.739,0.0768
03006 - Québec - Vieux-Limoilou,2025-07-10 09:00:00,NA,0.1449,23.5303,8.1074,0.0412
03006 - Québec - Vieux-Limoilou,2025-07-10 10:00:00,NA,0.1542,24.2489,8.2771,0.0293
03006 - Québec - Vieux-Limoilou,2025-07-10 11:00:00,NA,0.1552,20.8063,8.8509,0.036
03006 - Québec - Vieux-Limoilou,2025-07-10 12:00:00,NA,0.1765,15.1722,7.5539,0.0473
03006 - Québec - Vieux-Limoilou,2025-07-10 13:00:00,NA,0.1602,15.8425,7.2659,0.0718
03006 - Québec - Vieux-Limoilou,2025-07-10 14:00:00,NA,0.1501,17.0087,8.272,0.048
03006 - Québec - Vieux-Limoilou,2025-07-10 15:00:00,NA,0.1497,18.6836,6.3126,0.0355
03006 - Québec - Vieux-Limoilou,2025-07-10 16:00:00,NA,0.1428,21.0847,6.8058,0.0187
03006 - Québec - Vieux-Limoilou,2025-07-10 17:00:00,NA,0.1583,21.7079,7.6567,0.0202
03006 - Québec - Vieux-Limoilou,2025-07-10 18:00:00,NA,0.2522,22.8676,12.8666,0.0747
03006 - Québec - Vieux-Limoilou,2025-07-10 19:00:00,NA,0.2239,19.0292,8.0686,0.084
03006 - Québec - Vieux-Limoilou,2025-07-10 20:00:00,NA,0.145,23.3732,6.0481,0.0182
03006 - Québec - Vieux-Limoilou,2025-07-10 21:00:00,NA,0.1499,23.2842,7.4084,0.0103
03006 - Québec - Vieux-Limoilou,2025-07-10 22:00:00,NA,0.1565,17.5556,6.5599,0.012
03006 - Québec - Vieux-Limoilou,2025-07-10 23:00:00,NA,0.1567,18.1919,6.6174,0.0238
03006 - Québec - Vieux-Limoilou,2025-07-11 00:00:00,NA,0.1924,21.0767,6.0622,0.2087
03006 - Québec - Vieux-Limoilou,2025-07-11 01:00:00,NA,0.1379,20.46,5.4769,0.024
03006 - Québec - Vieux-Limoilou,2025-07-11 02:00:00,NA,NA,17.5851,6.2485,0.017
03006 - Québec - Vieux-Limoilou,2025-07-11 03:00:00,NA,0.1506,16.5725,6.1211,0.0336
03006 - Québec - Vieux-Limoilou,2025-07-11 04:00:00,NA,0.1425,17.5108,6.6175,0.023
03006 - Québec - Vieux-Limoilou,2025-07-11 05:00:00,NA,0.1593,16.3717,7.5779,0.0275
03006 - Québec - Vieux-Limoilou,2025-07-11 06:00:00,NA,0.1614,14.4844,7.2368,0.0655
03006 - Québec - Vieux-Limoilou,2025-07-11 07:00:00,NA,0.1544,16.5161,7.0447,0.0157
03006 - Québec - Vieux-Limoilou,2025-07-11 08:00:00,NA,0.1533,17.5434,6.997,0.0131
03006 - Québec - Vieux-Limoilou,2025-07-11 09:00:00,0.2267,0.1489,19.701,6.9374,0.0117
03006 - Québec - Vieux-Limoilou,2025-07-11 10:00:00,0.2549,0.1479,20.8424,6.7456,0.0128
03006 - Québec - Vieux-Limoilou,2025-07-11 11:00:00,0.3886,0.1539,21.7322,6.8156,0.0128
03006 - Québec - Vieux-Limoilou,2025-07-11 12:00:00,0.3284,0.1632,22.8503,6.7559,0.0123
03006 - Québec - Vieux-Limoilou,2025-07-11 13:00:00,0.3211,0.1857,32.6557,8.6051,0.0108
03006 - Québec - Vieux-Limoilou,2025-07-11 14:00:00,0.3816,0.1754,43.1953,10.7713,0.0172
03006 - Québec - Vieux-Limoilou,2025-07-11 15:00:00,0.3105,0.171,41.0754,8.8411,0.0133
03006 - Québec - Vieux-Limoilou,2025-07-11 16:00:00,0.2485,0.1669,40.8524,7.926,0.0107
03006 - Québec - Vieux-Limoilou,2025-07-11 17:00:00,0.3421,0.1618,41.2736,9.3377,0.0112
03006 - Québec - Vieux-Limoilou,2025-07-11 18:00:00,0.313,0.1654,28.9182,9.0051,0.0172
03006 - Québec - Vieux-Limoilou,2025-07-11 19:00:00,0.2682,0.1495,23.8865,6.0183,0.0052
03006 - Québec - Vieux-Limoilou,2025-07-11 20:00:00,0.84,0.146,14.5317,7.038,0.0107
03006 - Québec - Vieux-Limoilou,2025-07-11 21:00:00,0.8534,0.1548,14.7268,7.0529,0.0085
03006 - Québec - Vieux-Limoilou,2025-07-11 22:00:00,0.3245,0.1672,15.1508,7.0621,0.06
03006 - Québec - Vieux-Limoilou,2025-07-11 23:00:00,0.299,0.1569,16.6596,6.9211,0.0807
03006 - Québec - Vieux-Limoilou,2025-07-12 00:00:00,0.2652,0.1475,16.4711,6.2025,0.0307
03006 - Québec - Vieux-Limoilou,2025-07-12 01:00:00,0.2292,0.1478,14.1708,6.7252,0.0892
03006 - Québec - Vieux-Limoilou,2025-07-12 02:00:00,0.2503,NA,15.4677,6.4388,0.0123
03006 - Québec - Vieux-Limoilou,2025-07-12 03:00:00,0.292,0.1329,14.973,7.0366,0.011
03006 - Québec - Vieux-Limoilou,2025-07-12 04:00:00,0.2982,0.1474,11.1367,7.2234,0.0378
03006 - Québec - Vieux-Limoilou,2025-07-12 05:00:00,0.3895,0.1539,6.2403,9.5002,0.1245
03006 - Québec - Vieux-Limoilou,2025-07-12 06:00:00,0.3526,0.1441,8.2894,8.6735,0.0912
03006 - Québec - Vieux-Limoilou,2025-07-12 07:00:00,0.4671,0.1496,11.0928,9.3165,0.0492
03006 - Québec - Vieux-Limoilou,2025-07-12 08:00:00,0.6363,0.1488,12.3236,9.6294,0.0253
03006 - Québec - Vieux-Limoilou,2025-07-12 09:00:00,0.3029,0.1422,19.3504,9.0239,0.0173
03006 - Québec - Vieux-Limoilou,2025-07-12 10:00:00,0.2859,0.1419,23.4975,8.9164,0.0075
03006 - Québec - Vieux-Limoilou,2025-07-12 11:00:00,0.2862,0.1639,24.9844,8.5158,0.0068
03006 - Québec - Vieux-Limoilou,2025-07-12 12:00:00,0.2507,0.178,24.1182,8.3723,0.0057
03006 - Québec - Vieux-Limoilou,2025-07-12 13:00:00,0.2329,0.1909,25.624,8.2127,0.0112
03006 - Québec - Vieux-Limoilou,2025-07-12 14:00:00,0.2643,0.1861,25.1324,7.5268,0.0055
03006 - Québec - Vieux-Limoilou,2025-07-12 15:00:00,0.2963,0.1982,25.385,7.3452,0.0107
03006 - Québec - Vieux-Limoilou,2025-07-12 16:00:00,0.2372,0.1842,25.6653,7.6233,0.0087
03006 - Québec - Vieux-Limoilou,2025-07-12 17:00:00,0.2867,0.1802,24.8639,8.2563,0.005
03006 - Québec - Vieux-Limoilou,2025-07-12 18:00:00,0.3184,0.1813,23.8392,8.1274,0.0125
03006 - Québec - Vieux-Limoilou,2025-07-12 19:00:00,0.3688,0.1663,18.6058,8.1173,0.0087
03006 - Québec - Vieux-Limoilou,2025-07-12 20:00:00,0.7745,0.157,11.1321,10.6787,0.0302
03006 - Québec - Vieux-Limoilou,2025-07-12 21:00:00,1.4319,0.149,4.2603,10.714,0.091
03006 - Québec - Vieux-Limoilou,2025-07-12 22:00:00,4.7305,0.171,2.4071,13.2647,0.2217
03006 - Québec - Vieux-Limoilou,2025-07-12 23:00:00,0.5515,0.1552,15.2429,8.9478,0.0297
03006 - Québec - Vieux-Limoilou,2025-07-13 00:00:00,1.1785,0.1604,9.044,10.2386,0.044
03006 - Québec - Vieux-Limoilou,2025-07-13 01:00:00,1.2805,0.1616,7.2305,11.0701,0.0516
03006 - Québec - Vieux-Limoilou,2025-07-13 02:00:00,1.491,NA,6.7092,11.4801,0.0419
03006 - Québec - Vieux-Limoilou,2025-07-13 03:00:00,1.7916,0.1504,6.5807,10.5461,0.059
03006 - Québec - Vieux-Limoilou,2025-07-13 04:00:00,1.2109,0.1495,8.3555,10.5407,0.0567
03006 - Québec - Vieux-Limoilou,2025-07-13 05:00:00,1.6491,0.1609,7.0375,10.3477,0.0398
03006 - Québec - Vieux-Limoilou,2025-07-13 06:00:00,1.1892,0.1607,5.9774,10.2622,0.0657
03006 - Québec - Vieux-Limoilou,2025-07-13 07:00:00,1.0729,0.1552,7.5775,9.2884,0.0213
03006 - Québec - Vieux-Limoilou,2025-07-13 08:00:00,0.6005,0.1491,12.2736,8.9084,0.0102
03006 - Québec - Vieux-Limoilou,2025-07-13 09:00:00,0.7492,0.1566,11.6947,8.7599,0.0152
03006 - Québec - Vieux-Limoilou,2025-07-13 10:00:00,0.8991,0.1723,10.8517,8.6548,0.0258
03006 - Québec - Vieux-Limoilou,2025-07-13 11:00:00,0.7779,0.1738,18.7064,8.5782,0.0113
03006 - Québec - Vieux-Limoilou,2025-07-13 12:00:00,0.6154,0.1817,27.2879,9.3468,0.0097
03006 - Québec - Vieux-Limoilou,2025-07-13 13:00:00,1.2135,0.2123,23.2874,9.6027,0.0168
03006 - Québec - Vieux-Limoilou,2025-07-13 14:00:00,NA,0.2016,30.0456,9.0866,0.0122
03006 - Québec - Vieux-Limoilou,2025-07-13 15:00:00,NA,0.2212,28.2667,9.6207,0.0157
03006 - Québec - Vieux-Limoilou,2025-07-13 16:00:00,NA,0.2106,30.3086,8.2925,0.0165
03006 - Québec - Vieux-Limoilou,2025-07-13 17:00:00,NA,0.1868,30.0671,7.7088,0.013
03006 - Québec - Vieux-Limoilou,2025-07-13 18:00:00,NA,0.1644,33.9656,5.619,0.0152
03006 - Québec - Vieux-Limoilou,2025-07-13 19:00:00,NA,0.1496,36.18,5.1031,0.0075
03006 - Québec - Vieux-Limoilou,2025-07-13 20:00:00,NA,0.1541,32.0758,4.3849,0.0098
03006 - Québec - Vieux-Limoilou,2025-07-13 21:00:00,NA,0.1798,30.4454,4.9829,0.014
03006 - Québec - Vieux-Limoilou,2025-07-13 22:00:00,NA,0.1694,27.8329,4.4808,0.0112
03006 - Québec - Vieux-Limoilou,2025-07-13 23:00:00,NA,0.1712,23.6362,4.4542,0.015
03006 - Québec - Vieux-Limoilou,2025-07-14 00:00:00,NA,0.182,21.9423,4.5782,0.017
03006 - Québec - Vieux-Limoilou,2025-07-14 01:00:00,0.2345,0.1954,22.0328,4.6388,0.0128
03006 - Québec - Vieux-Limoilou,2025-07-14 02:00:00,0.1877,NA,21.7082,4.6373,0.0153
03006 - Québec - Vieux-Limoilou,2025-07-14 03:00:00,0.2618,0.1731,17.506,5.2422,0.012
03006 - Québec - Vieux-Limoilou,2025-07-14 04:00:00,0.3952,0.1681,14.855,5.2497,0.0265
03006 - Québec - Vieux-Limoilou,2025-07-14 05:00:00,0.3286,0.1735,15.1711,5.5461,0.0162
03006 - Québec - Vieux-Limoilou,2025-07-14 06:00:00,0.352,0.1828,18.1131,7.9926,0.0158
03006 - Québec - Vieux-Limoilou,2025-07-14 07:00:00,0.7852,0.2105,15.2765,7.6068,0.0152
03006 - Québec - Vieux-Limoilou,2025-07-14 08:00:00,0.596,0.2115,15.1632,6.9335,0.0278
03006 - Québec - Vieux-Limoilou,2025-07-14 09:00:00,0.7099,0.2404,15.001,6.9489,0.016
03006 - Québec - Vieux-Limoilou,2025-07-14 10:00:00,0.5228,0.1938,20.8461,8.2751,0.0204
03006 - Québec - Vieux-Limoilou,2025-07-14 11:00:00,0.5023,0.1872,26.216,11.2015,0.02
03006 - Québec - Vieux-Limoilou,2025-07-14 12:00:00,0.5031,0.1994,32.6614,13.487,0.0112
03006 - Québec - Vieux-Limoilou,2025-07-14 13:00:00,0.5839,0.2057,34.6017,14.7111,0.0155
03006 - Québec - Vieux-Limoilou,2025-07-14 14:00:00,0.8935,0.2658,41.7954,21.204,0.0172
03006 - Québec - Vieux-Limoilou,2025-07-14 15:00:00,1.0974,0.2824,45.5368,24.4579,0.0118
03006 - Québec - Vieux-Limoilou,2025-07-14 16:00:00,1.3046,0.3107,46.7666,29.6971,0.0117
03006 - Québec - Vieux-Limoilou,2025-07-14 17:00:00,1.3459,0.3243,41.0881,28.3988,0.0133
03006 - Québec - Vieux-Limoilou,2025-07-14 18:00:00,1.6183,0.3672,41.9489,36.2329,0.0125
03006 - Québec - Vieux-Limoilou,2025-07-14 19:00:00,2.0369,0.4648,42.5192,47.5611,0.0078
03006 - Québec - Vieux-Limoilou,2025-07-14 20:00:00,2.4195,0.5244,43.3861,56.8029,0.011
03006 - Québec - Vieux-Limoilou,2025-07-14 21:00:00,2.2479,0.4749,39.9172,51.6178,0.0108
03006 - Québec - Vieux-Limoilou,2025-07-14 22:00:00,2.2422,0.4605,34.8285,48.7274,0.02
03006 - Québec - Vieux-Limoilou,2025-07-14 23:00:00,1.6655,0.4393,30.0806,45.5096,0.0128
03006 - Québec - Vieux-Limoilou,2025-07-15 00:00:00,1.8463,0.441,27.5736,46.2109,0.0175
03006 - Québec - Vieux-Limoilou,2025-07-15 01:00:00,1.9232,0.4648,28.5827,48.3917,0.0082
03006 - Québec - Vieux-Limoilou,2025-07-15 02:00:00,1.9669,NA,27.7267,48.8121,0.0123
03006 - Québec - Vieux-Limoilou,2025-07-15 03:00:00,1.884,0.4781,27.4302,50.284,0.0174
03006 - Québec - Vieux-Limoilou,2025-07-15 04:00:00,1.8607,0.4752,23.8999,50.121,0.0272
03006 - Québec - Vieux-Limoilou,2025-07-15 05:00:00,1.9419,0.49370000000000003,20.2824,50.459,0.0188
03006 - Québec - Vieux-Limoilou,2025-07-15 06:00:00,2.107,0.5088,18.6494,51.5589,0.0123
03006 - Québec - Vieux-Limoilou,2025-07-15 07:00:00,2.0605,0.4979,19.9518,47.5032,0.0215
03006 - Québec - Vieux-Limoilou,2025-07-15 08:00:00,1.9213,0.483,24.6807,45.8661,0.02
03006 - Québec - Vieux-Limoilou,2025-07-15 09:00:00,1.6798,0.4833,29.5024,46.0415,0.0142
03006 - Québec - Vieux-Limoilou,2025-07-15 10:00:00,1.8228,0.4759,35.7696,44.217,0.0192
03006 - Québec - Vieux-Limoilou,2025-07-15 11:00:00,1.7787,0.4496,40.6094,43.3529,0.0113
03006 - Québec - Vieux-Limoilou,2025-07-15 12:00:00,1.6387,0.436,42.5822,40.625,0.0127
03006 - Québec - Vieux-Limoilou,2025-07-15 13:00:00,1.4512,0.4235,41.1626,39.8009,0.0162
03006 - Québec - Vieux-Limoilou,2025-07-15 14:00:00,1.4573,0.4123,40.8018,37.823,0.0162
03006 - Québec - Vieux-Limoilou,2025-07-15 15:00:00,1.4189,0.397,41.0331,37.5329,0.0118
03006 - Québec - Vieux-Limoilou,2025-07-15 16:00:00,1.483,0.404,41.3933,38.6157,0.0137
03006 - Québec - Vieux-Limoilou,2025-07-15 17:00:00,1.4911,0.4018,39.9844,38.5628,0.0082
03006 - Québec - Vieux-Limoilou,2025-07-15 18:00:00,1.4222,0.3886,40.8869,37.9504,0.0098
03006 - Québec - Vieux-Limoilou,2025-07-15 19:00:00,1.4304,0.4028,40.9087,35.6588,0.0155
03006 - Québec - Vieux-Limoilou,2025-07-15 20:00:00,1.4865,0.4068,39.1499,36.1715,0.0205
03006 - Québec - Vieux-Limoilou,2025-07-15 21:00:00,1.642,0.4081,34.4033,35.7924,0.0167
03006 - Québec - Vieux-Limoilou,2025-07-15 22:00:00,1.6437,0.4521,27.0188,37.6966,0.0232
03006 - Québec - Vieux-Limoilou,2025-07-15 23:00:00,1.7738,0.4601,22.9306,37.8721,0.0313
03006 - Québec - Vieux-Limoilou,2025-07-16 00:00:00,2.1834,0.4591,15.576,40.9703,0.0393
03006 - Québec - Vieux-Limoilou,2025-07-16 01:00:00,2.1732,0.4096,15.2503,40.3647,0.0308
03006 - Québec - Vieux-Limoilou,2025-07-16 02:00:00,1.754,NA,11.7668,38.9606,0.0968
03006 - Québec - Vieux-Limoilou,2025-07-16 03:00:00,1.831,0.3732,15.768,36.1433,0.1252
03006 - Québec - Vieux-Limoilou,2025-07-16 04:00:00,1.323,0.3657,12.2229,35.8701,0.0383
03006 - Québec - Vieux-Limoilou,2025-07-16 05:00:00,1.1623000000000001,0.3586,15.1126,34.4071,0.0197
03006 - Québec - Vieux-Limoilou,2025-07-16 06:00:00,1.3334,0.3699,10.0619,35.5608,0.0277
03006 - Québec - Vieux-Limoilou,2025-07-16 07:00:00,2.2447,0.3907,9.0208,35.379,0.0562
03006 - Québec - Vieux-Limoilou,2025-07-16 08:00:00,1.822,0.4238,20.1478,35.2384,0.0367
03006 - Québec - Vieux-Limoilou,2025-07-16 09:00:00,1.3517,0.3321,34.5521,30.9078,0.0223
03006 - Québec - Vieux-Limoilou,2025-07-16 10:00:00,1.4209,0.3076,43.9687,28.6958,0.0193
03006 - Québec - Vieux-Limoilou,2025-07-16 11:00:00,1.3701,0.3021,46.964,27.9983,0.0122
03006 - Québec - Vieux-Limoilou,2025-07-16 12:00:00,1.1854,0.287,50.0337,26.4562,0.0105
03006 - Québec - Vieux-Limoilou,2025-07-16 13:00:00,1.1013,0.2651,52.3361,24.9964,0.0127
03006 - Québec - Vieux-Limoilou,2025-07-16 14:00:00,1.059,0.2657,53.2885,23.8213,0.0135
03006 - Québec - Vieux-Limoilou,2025-07-16 15:00:00,0.9989,0.2586,53.9931,22.9827,0.013
03006 - Québec - Vieux-Limoilou,2025-07-16 16:00:00,1.0216,0.2624,54.2724,22.6572,0.0103
03006 - Québec - Vieux-Limoilou,2025-07-16 17:00:00,0.9965,0.2868,56.7733,23.5165,0.01
03006 - Québec - Vieux-Limoilou,2025-07-16 18:00:00,1.0405,0.2862,55.9607,24.2348,0.0093
03006 - Québec - Vieux-Limoilou,2025-07-16 19:00:00,0.8072,0.2282,51.5675,19.6796,0.0105
03006 - Québec - Vieux-Limoilou,2025-07-16 20:00:00,0.9543,0.238,47.7307,19.2006,0.014
03006 - Québec - Vieux-Limoilou,2025-07-16 21:00:00,1.2302,0.3368,37.7917,20.5668,0.013
03006 - Québec - Vieux-Limoilou,2025-07-16 22:00:00,1.7521,0.3747,30.3833,21.7469,0.0233
03006 - Québec - Vieux-Limoilou,2025-07-16 23:00:00,1.3682,0.3111,29.5025,20.8212,0.0325
03006 - Québec - Vieux-Limoilou,2025-07-17 00:00:00,1.8217,0.359,19.8425,25.4115,0.0345
03006 - Québec - Vieux-Limoilou,2025-07-17 01:00:00,2.0536,0.324,12.3088,24.2579,0.087
03006 - Québec - Vieux-Limoilou,2025-07-17 02:00:00,1.3767,NA,17.9228,23.4304,0.0596
03006 - Québec - Vieux-Limoilou,2025-07-17 03:00:00,1.3165,0.2648,17.2172,23.3,0.0472
03006 - Québec - Vieux-Limoilou,2025-07-17 04:00:00,0.9346,0.2336,15.1282,19.0083,0.0504
03006 - Québec - Vieux-Limoilou,2025-07-17 05:00:00,0.6633,0.2254,17.4536,14.1997,0.029
03006 - Québec - Vieux-Limoilou,2025-07-17 06:00:00,0.4476,0.2313,18.5361,11.5925,0.0292
03006 - Québec - Vieux-Limoilou,2025-07-17 07:00:00,0.5216,0.2441,11.7758,10.4934,0.1308
03006 - Québec - Vieux-Limoilou,2025-07-17 08:00:00,0.4126,0.2225,20.4057,7.3474,0.0152
03006 - Québec - Vieux-Limoilou,2025-07-17 09:00:00,0.2809,0.2078,21.514,7.5702,0.0135
03006 - Québec - Vieux-Limoilou,2025-07-17 10:00:00,0.3855,0.218,19.4493,9.1978,0.0398
03006 - Québec - Vieux-Limoilou,2025-07-17 11:00:00,0.3792,0.2297,21.921,9.2768,0.0105
03006 - Québec - Vieux-Limoilou,2025-07-17 12:00:00,0.2326,0.2314,21.3111,6.9646,0.0105
03006 - Québec - Vieux-Limoilou,2025-07-17 13:00:00,0.2159,0.2179,21.9235,5.2654,0.011
03006 - Québec - Vieux-Limoilou,2025-07-17 14:00:00,0.4105,0.2135,19.6649,4.7513,0.0118
03006 - Québec - Vieux-Limoilou,2025-07-17 15:00:00,0.4185,0.2396,15.5925,6.2729,0.0633
03006 - Québec - Vieux-Limoilou,2025-07-17 16:00:00,0.6817,0.2399,16.7612,7.3181,0.0473
03006 - Québec - Vieux-Limoilou,2025-07-17 17:00:00,0.3391,0.2535,18.3179,5.7705,0.0408
03006 - Québec - Vieux-Limoilou,2025-07-17 18:00:00,0.1576,0.2402,20.1822,3.6871,0.0767
03006 - Québec - Vieux-Limoilou,2025-07-17 19:00:00,0.3068,0.2215,20.5388,3.0098,0.0687
03006 - Québec - Vieux-Limoilou,2025-07-17 20:00:00,0.1371,0.1935,19.915,2.8408,0.0147
03006 - Québec - Vieux-Limoilou,2025-07-17 21:00:00,0.1177,0.209,18.8161,2.885,0.027
03006 - Québec - Vieux-Limoilou,2025-07-17 22:00:00,0.1135,0.2195,18.2771,3.1362,0.0097
03006 - Québec - Vieux-Limoilou,2025-07-17 23:00:00,0.2499,0.2404,14.0153,3.6091,0.0115
03006 - Québec - Vieux-Limoilou,2025-07-18 00:00:00,0.0587,0.1925,9.0374,1.7654,0.0103
03006 - Québec - Vieux-Limoilou,2025-07-18 01:00:00,0.021,0.1537,13.5097,1.091,0.005
03006 - Québec - Vieux-Limoilou,2025-07-18 02:00:00,0.0283,NA,16.8196,1.1671,0.0043
03006 - Québec - Vieux-Limoilou,2025-07-18 03:00:00,0.0388,0.1186,18.6378,1.0281,0.0048
03006 - Québec - Vieux-Limoilou,2025-07-18 04:00:00,0.0327,0.1061,22.085,0.9737,0.0146
03006 - Québec - Vieux-Limoilou,2025-07-18 05:00:00,0.0384,0.1142,29.0918,1.7628,0.0108
03006 - Québec - Vieux-Limoilou,2025-07-18 06:00:00,0.078,0.1328,28.0115,2.4588,0.0155
03006 - Québec - Vieux-Limoilou,2025-07-18 07:00:00,0.1761,0.1196,22.4785,2.7472,0.0163
03006 - Québec - Vieux-Limoilou,2025-07-18 08:00:00,0.1319,0.1136,20.8129,2.8091,0.0197
03006 - Québec - Vieux-Limoilou,2025-07-18 09:00:00,0.1106,0.1048,20.8886,3.0117,0.013
03006 - Québec - Vieux-Limoilou,2025-07-18 10:00:00,0.1121,0.0986,22.244,3.1787,0.0231
03006 - Québec - Vieux-Limoilou,2025-07-18 11:00:00,0.0861,0.1213,24.0622,3.3307,0.0257
03006 - Québec - Vieux-Limoilou,2025-07-18 12:00:00,0.0956,0.1194,25.1375,3.5071,0.0192
03006 - Québec - Vieux-Limoilou,2025-07-18 13:00:00,0.0997,0.1077,27.391,3.5782,0.0145
03006 - Québec - Vieux-Limoilou,2025-07-18 14:00:00,0.1151,0.1127,27.0889,3.9459,0.0188
03006 - Québec - Vieux-Limoilou,2025-07-18 15:00:00,0.1357,0.1217,26.8046,4.2823,0.0277
03006 - Québec - Vieux-Limoilou,2025-07-18 16:00:00,0.135,0.1239,27.4494,4.3559,0.0348
03006 - Québec - Vieux-Limoilou,2025-07-18 17:00:00,0.148,0.1229,27.5907,4.6396,0.0528
03006 - Québec - Vieux-Limoilou,2025-07-18 18:00:00,0.1566,0.1302,27.6826,4.5145,0.067
03006 - Québec - Vieux-Limoilou,2025-07-18 19:00:00,0.16,0.1141,29.0774,4.5191,0.0528
03006 - Québec - Vieux-Limoilou,2025-07-18 20:00:00,0.1836,0.1136,28.7294,4.841,0.0277
03006 - Québec - Vieux-Limoilou,2025-07-18 21:00:00,0.2588,0.1448,28.3162,5.2773,0.0328
03006 - Québec - Vieux-Limoilou,2025-07-18 22:00:00,0.3452,0.1669,25.9079,7.0082,0.0317
03006 - Québec - Vieux-Limoilou,2025-07-18 23:00:00,0.4452,0.1628,22.6864,5.7845,0.0227
03006 - Québec - Vieux-Limoilou,2025-07-19 00:00:00,0.4004,0.1557,20.7635,5.5405,0.0245
03006 - Québec - Vieux-Limoilou,2025-07-19 01:00:00,0.4098,0.163,18.4048,5.7994,0.0286
03006 - Québec - Vieux-Limoilou,2025-07-19 02:00:00,0.4331,NA,13.5606,6.7675,0.0177
03006 - Québec - Vieux-Limoilou,2025-07-19 03:00:00,0.4405,0.1964,12.2488,7.5297,0.0236
03006 - Québec - Vieux-Limoilou,2025-07-19 04:00:00,0.5092,0.2004,9.8716,8.1986,0.0383
03006 - Québec - Vieux-Limoilou,2025-07-19 05:00:00,0.5381,0.1888,9.6868,7.7067,0.0285
03006 - Québec - Vieux-Limoilou,2025-07-19 06:00:00,0.4697,0.1759,10.9728,7.0144,0.018
03006 - Québec - Vieux-Limoilou,2025-07-19 07:00:00,0.4167,0.167,14.3781,6.215,0.0165
03006 - Québec - Vieux-Limoilou,2025-07-19 08:00:00,0.4381,0.1616,16.7614,6.1643,0.0197
03006 - Québec - Vieux-Limoilou,2025-07-19 09:00:00,0.3974,0.16,20.5824,6.0257,0.0245
03006 - Québec - Vieux-Limoilou,2025-07-19 10:00:00,0.3831,0.1559,23.9614,6.3784,0.0687
03006 - Québec - Vieux-Limoilou,2025-07-19 11:00:00,0.3807,0.1497,26.8447,7.0008,0.0878
03006 - Québec - Vieux-Limoilou,2025-07-19 12:00:00,0.3917,0.1526,26.2532,6.5609,0.0608
03006 - Québec - Vieux-Limoilou,2025-07-19 13:00:00,0.3447,0.142,30.2593,6.8732,0.0727
03006 - Québec - Vieux-Limoilou,2025-07-19 14:00:00,0.45,0.1631,34.3156,13.4133,0.1067
03006 - Québec - Vieux-Limoilou,2025-07-19 15:00:00,0.6627,0.2099,42.4547,25.1976,0.3515
03006 - Québec - Vieux-Limoilou,2025-07-19 16:00:00,0.7312,0.2184,42.4356,26.7402,0.2678
03006 - Québec - Vieux-Limoilou,2025-07-19 17:00:00,0.7059,0.2168,41.3008,25.8012,0.2307
03006 - Québec - Vieux-Limoilou,2025-07-19 18:00:00,0.6914,0.2126,40.2337,24.8589,0.2508
03006 - Québec - Vieux-Limoilou,2025-07-19 19:00:00,0.6151,0.2143,36.3824,20.2269,0.2217
03006 - Québec - Vieux-Limoilou,2025-07-19 20:00:00,0.575,0.2132,34.9168,18.5629,0.145
03006 - Québec - Vieux-Limoilou,2025-07-19 21:00:00,1.0625,0.2579,28.5657,20.2672,0.1105
03006 - Québec - Vieux-Limoilou,2025-07-19 22:00:00,0.9152,0.2462,27.945,20.0418,0.0807
03006 - Québec - Vieux-Limoilou,2025-07-19 23:00:00,0.9232,0.2552,25.2696,19.7634,0.074
03006 - Québec - Vieux-Limoilou,2025-07-20 00:00:00,1.5151,0.3306,18.5332,24.1634,0.0608
03006 - Québec - Vieux-Limoilou,2025-07-20 01:00:00,2.3683,0.3972,14.4775,32.6313,0.0576
03006 - Québec - Vieux-Limoilou,2025-07-20 02:00:00,2.4979,NA,10.3248,33.3245,0.0551
03006 - Québec - Vieux-Limoilou,2025-07-20 03:00:00,2.1709,0.4115,8.9225,33.2077,0.0494
03006 - Québec - Vieux-Limoilou,2025-07-20 04:00:00,1.9061,0.3626,10.9409,33.866,0.055
03006 - Québec - Vieux-Limoilou,2025-07-20 05:00:00,1.5003,0.3158,10.6167,28.9022,0.0457
03006 - Québec - Vieux-Limoilou,2025-07-20 06:00:00,1.0932,0.2618,12.7028,21.8135,0.033
03006 - Québec - Vieux-Limoilou,2025-07-20 07:00:00,0.8206,0.2037,17.6317,16.2231,0.0357
03006 - Québec - Vieux-Limoilou,2025-07-20 08:00:00,0.7155,0.1836,20.1699,13.9998,0.0287
03006 - Québec - Vieux-Limoilou,2025-07-20 09:00:00,0.4929,0.1532,26.3936,10.746,0.0318
03006 - Québec - Vieux-Limoilou,2025-07-20 10:00:00,0.4408,0.1492,28.491,9.5735,0.0312
03006 - Québec - Vieux-Limoilou,2025-07-20 11:00:00,0.4195,0.1671,31.5026,10.0987,0.0615
03006 - Québec - Vieux-Limoilou,2025-07-20 12:00:00,0.3624,0.1547,32.3889,8.3729,0.1053
03006 - Québec - Vieux-Limoilou,2025-07-20 13:00:00,0.3445,0.1601,32.0471,7.933,0.0678
03006 - Québec - Vieux-Limoilou,2025-07-20 14:00:00,0.3361,0.1721,30.6139,9.1511,0.0887
03006 - Québec - Vieux-Limoilou,2025-07-20 15:00:00,0.4131,0.2105,32.5949,17.1575,0.1015
03006 - Québec - Vieux-Limoilou,2025-07-20 16:00:00,0.7228,0.2797,35.8371,31.4727,0.0765
03006 - Québec - Vieux-Limoilou,2025-07-20 17:00:00,0.6839,0.272,33.6069,27.711,0.0622
03006 - Québec - Vieux-Limoilou,2025-07-20 18:00:00,0.7052,0.3175,35.2114,30.8829,0.0528
03006 - Québec - Vieux-Limoilou,2025-07-20 19:00:00,0.6178,0.3329,34.2942,25.7243,0.051
03006 - Québec - Vieux-Limoilou,2025-07-20 20:00:00,0.6338,0.3127,30.991,22.1042,0.0475
03006 - Québec - Vieux-Limoilou,2025-07-20 21:00:00,0.4514,0.2404,24.5156,14.392,0.0583
03006 - Québec - Vieux-Limoilou,2025-07-20 22:00:00,0.3011,0.1939,22.4032,8.9281,0.0343
03006 - Québec - Vieux-Limoilou,2025-07-20 23:00:00,0.1017,0.1153,24.8356,4.0353,0.0345
03006 - Québec - Vieux-Limoilou,2025-07-21 00:00:00,0.0918,0.1092,23.0625,3.4972,0.0238
03006 - Québec - Vieux-Limoilou,2025-07-21 01:00:00,0.0636,0.1087,21.1692,2.9381,0.025
03006 - Québec - Vieux-Limoilou,2025-07-21 02:00:00,0.0755,NA,18.9303,2.9329,0.0251
03006 - Québec - Vieux-Limoilou,2025-07-21 03:00:00,0.0412,0.107,17.618,2.8537,0.0222
03006 - Québec - Vieux-Limoilou,2025-07-21 04:00:00,0.0342,0.1049,16.8286,2.3163,0.0365
03006 - Québec - Vieux-Limoilou,2025-07-21 05:00:00,0.0308,0.0947,16.2712,1.9259,0.0175
03006 - Québec - Vieux-Limoilou,2025-07-21 06:00:00,0.0426,0.1171,15.7092,1.9577,0.0203
03006 - Québec - Vieux-Limoilou,2025-07-21 07:00:00,0.0867,0.151,16.6431,2.0468,0.0408
03006 - Québec - Vieux-Limoilou,2025-07-21 08:00:00,0.052,0.1253,17.625,1.6708,0.043
03006 - Québec - Vieux-Limoilou,2025-07-21 09:00:00,0.0271,0.112,18.9703,1.081,0.0327
03006 - Québec - Vieux-Limoilou,2025-07-21 10:00:00,0.0228,0.1126,19.1542,1.3187,0.0272
03006 - Québec - Vieux-Limoilou,2025-07-21 11:00:00,0.0234,0.117,19.7583,1.0318,0.027
03006 - Québec - Vieux-Limoilou,2025-07-21 12:00:00,0.0193,0.1175,20.0103,1.2629,0.0245
03006 - Québec - Vieux-Limoilou,2025-07-21 13:00:00,0.0262,0.1191,19.0886,1.213,0.0217
03006 - Québec - Vieux-Limoilou,2025-07-21 14:00:00,0.022,0.1247,18.8836,1.3488,0.0262
03006 - Québec - Vieux-Limoilou,2025-07-21 15:00:00,0.0237,0.121,18.2709,1.1755,0.022
03006 - Québec - Vieux-Limoilou,2025-07-21 16:00:00,0.0248,0.1242,18.6207,1.253,0.0257
03006 - Québec - Vieux-Limoilou,2025-07-21 17:00:00,0.0303,0.1168,17.6857,1.2471,0.0228
03006 - Québec - Vieux-Limoilou,2025-07-21 18:00:00,0.0345,0.1084,17.8443,1.2043,0.0247
03006 - Québec - Vieux-Limoilou,2025-07-21 19:00:00,0.0613,0.1145,18.0869,1.2032,0.02
03006 - Québec - Vieux-Limoilou,2025-07-21 20:00:00,0.0695,0.1249,16.5928,1.3087,0.032
03006 - Québec - Vieux-Limoilou,2025-07-21 21:00:00,0.0943,0.1394,15.3499,1.5741,0.0308
03006 - Québec - Vieux-Limoilou,2025-07-21 22:00:00,0.1219,0.1346,15.2024,1.8703,0.0252
03006 - Québec - Vieux-Limoilou,2025-07-21 23:00:00,0.1247,0.1284,14.0889,2.0113,0.0268
03006 - Québec - Vieux-Limoilou,2025-07-22 00:00:00,0.1059,0.1244,13.0829,1.865,0.0252
03006 - Québec - Vieux-Limoilou,2025-07-22 01:00:00,0.0846,0.1232,11.7816,1.7627,0.0274
03006 - Québec - Vieux-Limoilou,2025-07-22 02:00:00,0.1134,NA,10.2743,1.9142,0.0202
03006 - Québec - Vieux-Limoilou,2025-07-22 03:00:00,0.1121,0.1059,11.0765,2.384,0.03
03006 - Québec - Vieux-Limoilou,2025-07-22 04:00:00,0.0887,0.1079,11.2399,2.4162,0.035
03006 - Québec - Vieux-Limoilou,2025-07-22 05:00:00,0.2473,0.1443,8.1586,2.4197,0.028
03006 - Québec - Vieux-Limoilou,2025-07-22 06:00:00,0.2463,0.2153,8.4578,2.7678,0.0322
03006 - Québec - Vieux-Limoilou,2025-07-22 07:00:00,0.3852,0.2375,8.2746,3.6253,0.0435
03006 - Québec - Vieux-Limoilou,2025-07-22 08:00:00,0.3292,0.2492,11.3984,4.4356,0.1055
03006 - Québec - Vieux-Limoilou,2025-07-22 09:00:00,0.1839,0.1734,16.1544,3.6946,0.1076
03006 - Québec - Vieux-Limoilou,2025-07-22 10:00:00,NA,0.1729,17.3593,NA,0.2783
03006 - Québec - Vieux-Limoilou,2025-07-22 11:00:00,0.1675,0.1411,NA,NA,0.0688
03006 - Québec - Vieux-Limoilou,2025-07-22 12:00:00,0.1262,0.1237,NA,NA,0.0712
03006 - Québec - Vieux-Limoilou,2025-07-22 13:00:00,0.1404,0.1246,NA,5.7722,0.1592
03006 - Québec - Vieux-Limoilou,2025-07-22 14:00:00,0.1333,0.1285,NA,6.1147,0.2403
03006 - Québec - Vieux-Limoilou,2025-07-22 15:00:00,0.124,0.1194,NA,5.9773,0.1418
03006 - Québec - Vieux-Limoilou,2025-07-22 16:00:00,0.1398,0.1279,24.9809,5.6701,0.0956
03006 - Québec - Vieux-Limoilou,2025-07-22 17:00:00,0.1102,0.125,25.0425,5.0959,0.0757
03006 - Québec - Vieux-Limoilou,2025-07-22 18:00:00,0.0997,0.1249,24.3254,4.7203,0.0718
03006 - Québec - Vieux-Limoilou,2025-07-22 19:00:00,0.1221,0.1404,23.8539,5.1574,0.066
03006 - Québec - Vieux-Limoilou,2025-07-22 20:00:00,0.3577,0.1649,21.4731,6.2804,0.0665
03006 - Québec - Vieux-Limoilou,2025-07-22 21:00:00,0.5151,0.1741,19.0497,7.4045,0.0728
03006 - Québec - Vieux-Limoilou,2025-07-22 22:00:00,0.7594,0.1822,17.385,7.9931,0.073
03006 - Québec - Vieux-Limoilou,2025-07-22 23:00:00,0.5968,0.181,15.8522,7.2508,0.0708
03006 - Québec - Vieux-Limoilou,2025-07-23 00:00:00,0.6343,0.1867,13.8968,8.1134,0.064
03006 - Québec - Vieux-Limoilou,2025-07-23 01:00:00,0.6623,0.1818,12.0385,8.5122,0.0488
03006 - Québec - Vieux-Limoilou,2025-07-23 02:00:00,0.6154,NA,8.3777,8.1078,0.0496
03006 - Québec - Vieux-Limoilou,2025-07-23 03:00:00,0.4859,0.1577,7.7612,7.5904,0.042
03006 - Québec - Vieux-Limoilou,2025-07-23 04:00:00,0.4134,0.1496,6.3946,6.777,0.0554
03006 - Québec - Vieux-Limoilou,2025-07-23 05:00:00,0.4156,0.1449,4.9714,6.6883,0.0385
03006 - Québec - Vieux-Limoilou,2025-07-23 06:00:00,0.3214,0.1438,6.119,6.4504,0.0447
03006 - Québec - Vieux-Limoilou,2025-07-23 07:00:00,0.3474,0.1491,8.5811,6.6281,0.0768
03006 - Québec - Vieux-Limoilou,2025-07-23 08:00:00,0.4899,0.1667,13.6392,6.4882,0.131
03006 - Québec - Vieux-Limoilou,2025-07-23 09:00:00,0.5484,0.1863,17.8472,6.8489,0.2405
03006 - Québec - Vieux-Limoilou,2025-07-23 10:00:00,0.2956,0.1569,25.9828,4.6889,0.2475
03006 - Québec - Vieux-Limoilou,2025-07-23 11:00:00,0.2531,0.1507,27.8138,4.8336,0.2928
03006 - Québec - Vieux-Limoilou,2025-07-23 12:00:00,0.1795,0.1377,28.5917,4.6338,0.3415
03006 - Québec - Vieux-Limoilou,2025-07-23 13:00:00,0.1912,0.1331,29.4399,4.5639,0.2377
03006 - Québec - Vieux-Limoilou,2025-07-23 14:00:00,0.2262,0.1366,32.196,4.7092,0.236
03006 - Québec - Vieux-Limoilou,2025-07-23 15:00:00,0.2258,0.1457,34.0881,5.1987,0.2395
03006 - Québec - Vieux-Limoilou,2025-07-23 16:00:00,0.1478,0.1483,35.2919,5.0961,0.223
03006 - Québec - Vieux-Limoilou,2025-07-23 17:00:00,0.1616,0.1313,36.4776,4.768,0.2398
03006 - Québec - Vieux-Limoilou,2025-07-23 18:00:00,0.1987,0.1308,37.0486,4.6087,0.242
03006 - Québec - Vieux-Limoilou,2025-07-23 19:00:00,0.2447,0.1417,34.9396,4.6586,0.246
03006 - Québec - Vieux-Limoilou,2025-07-23 20:00:00,0.2833,0.143,32.8782,4.4852,0.2088
03006 - Québec - Vieux-Limoilou,2025-07-23 21:00:00,0.3344,0.1573,33.0767,4.6232,0.154
03006 - Québec - Vieux-Limoilou,2025-07-23 22:00:00,0.3449,0.1658,32.7883,4.5381,0.1218
03006 - Québec - Vieux-Limoilou,2025-07-23 23:00:00,0.3466,0.1526,32.7643,4.6166,0.0942
03006 - Québec - Vieux-Limoilou,2025-07-24 00:00:00,0.4501,0.166,28.6928,4.9833,0.0863
03006 - Québec - Vieux-Limoilou,2025-07-24 01:00:00,0.4086,0.1493,30.9793,4.7077,0.0766
03006 - Québec - Vieux-Limoilou,2025-07-24 02:00:00,0.3563,NA,30.673,4.7242,0.0511
03006 - Québec - Vieux-Limoilou,2025-07-24 03:00:00,0.3904,0.1401,26.0788,5.0402,0.0732
03006 - Québec - Vieux-Limoilou,2025-07-24 04:00:00,0.5102,0.1416,23.5219,4.9129,0.0761
03006 - Québec - Vieux-Limoilou,2025-07-24 05:00:00,0.3949,0.1396,24.4546,4.7348,0.0578
03006 - Québec - Vieux-Limoilou,2025-07-24 06:00:00,0.5307,0.1549,20.618,5.2826,0.0477
03006 - Québec - Vieux-Limoilou,2025-07-24 07:00:00,0.4973,0.1642,21.8147,5.3646,0.0455
03006 - Québec - Vieux-Limoilou,2025-07-24 08:00:00,0.4522,0.1653,24.5366,5.3144,0.0485
03006 - Québec - Vieux-Limoilou,2025-07-24 09:00:00,0.4775,0.1737,26.9041,5.7449,0.046
03006 - Québec - Vieux-Limoilou,2025-07-24 10:00:00,0.4901,0.1751,32.0911,7.9684,0.026
03006 - Québec - Vieux-Limoilou,2025-07-24 11:00:00,0.5361,0.2036,39.3656,10.4114,0.0267
03006 - Québec - Vieux-Limoilou,2025-07-24 12:00:00,0.5156,0.2104,46.3657,10.6753,0.0182
03006 - Québec - Vieux-Limoilou,2025-07-24 13:00:00,0.5684,0.2094,50.4174,11.3177,0.0282
03006 - Québec - Vieux-Limoilou,2025-07-24 14:00:00,0.6318,0.217,50.2911,12.1642,0.023
03006 - Québec - Vieux-Limoilou,2025-07-24 15:00:00,0.5815,0.2233,50.8251,13.2485,0.0198
03006 - Québec - Vieux-Limoilou,2025-07-24 16:00:00,0.5674,0.2344,51.3464,12.973,0.017
03006 - Québec - Vieux-Limoilou,2025-07-24 17:00:00,0.5863,0.2326,53.4396,13.0739,0.0195
03006 - Québec - Vieux-Limoilou,2025-07-24 18:00:00,0.6174,0.2319,53.8826,13.9275,0.0195
03006 - Québec - Vieux-Limoilou,2025-07-24 19:00:00,0.5779,0.2412,51.7776,13.7896,0.0202
03006 - Québec - Vieux-Limoilou,2025-07-24 20:00:00,0.7186,0.244,48.8256,13.9308,0.0165
03006 - Québec - Vieux-Limoilou,2025-07-24 21:00:00,0.66,0.2558,46.1226,14.1016,0.022
03006 - Québec - Vieux-Limoilou,2025-07-24 22:00:00,0.5848,0.2627,40.0199,13.5296,0.0215
03006 - Québec - Vieux-Limoilou,2025-07-24 23:00:00,0.7001,0.2543,37.5875,13.8379,0.0158
03006 - Québec - Vieux-Limoilou,2025-07-25 00:00:00,0.7197,0.2486,34.0018,13.8481,0.0185
03006 - Québec - Vieux-Limoilou,2025-07-25 01:00:00,0.7704,0.2349,33.5625,13.2726,0.0136
03006 - Québec - Vieux-Limoilou,2025-07-25 02:00:00,0.6462,NA,30.2867,12.7153,0.0172
03006 - Québec - Vieux-Limoilou,2025-07-25 03:00:00,0.5738,0.2081,28.2548,12.1862,0.0114
03006 - Québec - Vieux-Limoilou,2025-07-25 04:00:00,0.5343,0.2035,28.9782,12.3605,0.0387
03006 - Québec - Vieux-Limoilou,2025-07-25 05:00:00,0.4399,0.2035,28.0276,9.8511,0.0193
03006 - Québec - Vieux-Limoilou,2025-07-25 06:00:00,0.2057,0.1819,30.2013,4.3774,0.0167
03006 - Québec - Vieux-Limoilou,2025-07-25 07:00:00,0.2074,0.2078,26.4282,3.0183,0.0175
03006 - Québec - Vieux-Limoilou,2025-07-25 08:00:00,0.4134,0.2038,20.6525,3.4166,0.0267
03006 - Québec - Vieux-Limoilou,2025-07-25 09:00:00,0.6724,0.2188,14.6085,5.787,0.0453
03006 - Québec - Vieux-Limoilou,2025-07-25 10:00:00,0.8494,0.2448,14.185,8.7601,0.0375
03006 - Québec - Vieux-Limoilou,2025-07-25 11:00:00,0.7037,0.265,17.1103,14.8617,0.0277
03006 - Québec - Vieux-Limoilou,2025-07-25 12:00:00,0.639,0.3001,22.0468,21.6584,0.0093
03006 - Québec - Vieux-Limoilou,2025-07-25 13:00:00,0.6323,0.3015,24.7728,22.0658,0.0123
03006 - Québec - Vieux-Limoilou,2025-07-25 14:00:00,1.2398,0.3564,32.9117,45.0343,0.0095
03006 - Québec - Vieux-Limoilou,2025-07-25 15:00:00,3.564,0.6991,44.3501,115.9959,0.0162
03006 - Québec - Vieux-Limoilou,2025-07-25 16:00:00,2.4833,0.5962,40.5187,84.6696,0.0182
03006 - Québec - Vieux-Limoilou,2025-07-25 17:00:00,1.5926,0.4824,36.2468,56.1716,0.0207
03006 - Québec - Vieux-Limoilou,2025-07-25 18:00:00,1.2119,0.4415,34.5618,42.4984,0.0167
03006 - Québec - Vieux-Limoilou,2025-07-25 19:00:00,1.2363,0.4408,32.8261,42.5106,0.018
03006 - Québec - Vieux-Limoilou,2025-07-25 20:00:00,1.2712,0.4428,30.6406,42.305,0.0185
03006 - Québec - Vieux-Limoilou,2025-07-25 21:00:00,1.7399,0.5364,22.91,45.1883,0.034
03006 - Québec - Vieux-Limoilou,2025-07-25 22:00:00,2.7046,0.5968,16.7386,49.991,0.0608
03006 - Québec - Vieux-Limoilou,2025-07-25 23:00:00,3.041,0.635,14.0615,53.7285,0.049
03006 - Québec - Vieux-Limoilou,2025-07-26 00:00:00,2.5937,0.5817,13.0246,51.7016,0.039
03006 - Québec - Vieux-Limoilou,2025-07-26 01:00:00,1.7791,0.458,13.9867,43.2431,0.044
03006 - Québec - Vieux-Limoilou,2025-07-26 02:00:00,1.2563,NA,12.6686,39.1258,0.0345
03006 - Québec - Vieux-Limoilou,2025-07-26 03:00:00,1.1972,0.4399,11.116,38.0628,0.0264
03006 - Québec - Vieux-Limoilou,2025-07-26 04:00:00,1.0108,0.4133,10.8758,35.1186,0.0391
03006 - Québec - Vieux-Limoilou,2025-07-26 05:00:00,1.1792,0.3912,9.1311,35.5842,0.0327
03006 - Québec - Vieux-Limoilou,2025-07-26 06:00:00,0.8957,0.38,8.376,32.6157,0.0253
03006 - Québec - Vieux-Limoilou,2025-07-26 07:00:00,0.8619,0.388,10.6583,32.7607,0.0223
03006 - Québec - Vieux-Limoilou,2025-07-26 08:00:00,1.396,0.4366,14.8858,39.9944,0.0203
03006 - Québec - Vieux-Limoilou,2025-07-26 09:00:00,1.1255,0.4237,21.0788,41.5743,0.0272
03006 - Québec - Vieux-Limoilou,2025-07-26 10:00:00,0.9998,0.3947,28.2099,40.3748,0.0318
03006 - Québec - Vieux-Limoilou,2025-07-26 11:00:00,1.1482,0.404,31.8417,43.5102,0.0373
03006 - Québec - Vieux-Limoilou,2025-07-26 12:00:00,1.1451,0.3928,34.1297,45.5853,0.0435
03006 - Québec - Vieux-Limoilou,2025-07-26 13:00:00,1.2463,0.3896,38.2675,50.4553,0.097
03006 - Québec - Vieux-Limoilou,2025-07-26 14:00:00,1.2441,0.3813,38.6112,51.0639,0.0692
03006 - Québec - Vieux-Limoilou,2025-07-26 15:00:00,1.3221,0.4016,41.0072,55.0158,0.0845
03006 - Québec - Vieux-Limoilou,2025-07-26 16:00:00,1.3731,0.4091,44.1696,57.7094,0.1905
03006 - Québec - Vieux-Limoilou,2025-07-26 17:00:00,1.5382,0.4156,46.3408,59.5413,0.1512
03006 - Québec - Vieux-Limoilou,2025-07-26 18:00:00,1.5632,0.4286,46.2228,62.7766,0.1208
03006 - Québec - Vieux-Limoilou,2025-07-26 19:00:00,1.7373,0.4418,43.3169,62.5996,0.0857
03006 - Québec - Vieux-Limoilou,2025-07-26 20:00:00,1.7634,0.4466,39.5193,62.062,0.0493
03006 - Québec - Vieux-Limoilou,2025-07-26 21:00:00,1.9256,0.4698,35.9394,61.1152,0.0387
03006 - Québec - Vieux-Limoilou,2025-07-26 22:00:00,2.5339,0.5173,28.4976,64.1475,0.0478
03006 - Québec - Vieux-Limoilou,2025-07-26 23:00:00,2.9494,0.5643,23.4121,67.4912,0.055
03006 - Québec - Vieux-Limoilou,2025-07-27 00:00:00,3.9621,0.6744,19.1866,79.1916,0.0532
03006 - Québec - Vieux-Limoilou,2025-07-27 01:00:00,4.0632,0.6718,17.6738,78.2056,0.0538
03006 - Québec - Vieux-Limoilou,2025-07-27 02:00:00,2.7947,NA,20.4871,67.3852,0.0409
03006 - Québec - Vieux-Limoilou,2025-07-27 03:00:00,2.5082,0.5284,16.6078,65.6825,0.0426
03006 - Québec - Vieux-Limoilou,2025-07-27 04:00:00,2.3435,0.5302,12.8574,62.5644,0.0628
03006 - Québec - Vieux-Limoilou,2025-07-27 05:00:00,2.3391,0.5155,12.5971,62.4178,0.0413
03006 - Québec - Vieux-Limoilou,2025-07-27 06:00:00,2.2433,0.4948,12.6693,59.6089,0.0425
03006 - Québec - Vieux-Limoilou,2025-07-27 07:00:00,1.7764,0.4363,19.0507,56.3387,0.0307
03006 - Québec - Vieux-Limoilou,2025-07-27 08:00:00,1.6591,0.4272,26.2914,53.0704,0.0293
03006 - Québec - Vieux-Limoilou,2025-07-27 09:00:00,1.4783,0.4019,34.2372,49.0124,0.0235
03006 - Québec - Vieux-Limoilou,2025-07-27 10:00:00,1.3988,0.3878,36.0537,44.6497,0.0172
03006 - Québec - Vieux-Limoilou,2025-07-27 11:00:00,1.3986,0.3822,34.279,41.6101,0.0225
03006 - Québec - Vieux-Limoilou,2025-07-27 12:00:00,1.1475,0.3517,35.5118,34.5776,0.013
03006 - Québec - Vieux-Limoilou,2025-07-27 13:00:00,1.0647,0.331,36.9533,30.7239,0.017
03006 - Québec - Vieux-Limoilou,2025-07-27 14:00:00,0.8708,0.2969,37.9768,24.8398,0.0187
03006 - Québec - Vieux-Limoilou,2025-07-27 15:00:00,0.7345,0.2632,41.045,20.497,0.012
03006 - Québec - Vieux-Limoilou,2025-07-27 16:00:00,0.802,0.2773,42.1369,21.8564,0.0165
03006 - Québec - Vieux-Limoilou,2025-07-27 17:00:00,0.8207,0.2873,38.9282,21.8184,0.0212
03006 - Québec - Vieux-Limoilou,2025-07-27 18:00:00,0.8443,0.3005,39.191,23.4215,0.0113
03006 - Québec - Vieux-Limoilou,2025-07-27 19:00:00,0.6652,0.2611,38.3593,18.9016,0.0153
03006 - Québec - Vieux-Limoilou,2025-07-27 20:00:00,0.7529,0.2813,33.2471,19.8354,0.0147
03006 - Québec - Vieux-Limoilou,2025-07-27 21:00:00,0.7537,0.2876,30.4194,19.959,0.017
03006 - Québec - Vieux-Limoilou,2025-07-27 22:00:00,0.7599,0.2935,30.2733,19.5134,0.0182
03006 - Québec - Vieux-Limoilou,2025-07-27 23:00:00,0.3649,0.2543,28.4069,11.227,0.0145
03006 - Québec - Vieux-Limoilou,2025-07-28 00:00:00,0.3167,0.2515,24.2386,9.3392,0.0148
03006 - Québec - Vieux-Limoilou,2025-07-28 01:00:00,0.435,0.2693,21.0772,11.3914,0.0158
03006 - Québec - Vieux-Limoilou,2025-07-28 02:00:00,0.5084,NA,17.0037,14.1762,0.0181
03006 - Québec - Vieux-Limoilou,2025-07-28 03:00:00,0.4707,0.2676,17.2563,14.556,0.0154
03006 - Québec - Vieux-Limoilou,2025-07-28 04:00:00,0.4135,0.254,15.9877,14.2544,0.0261
03006 - Québec - Vieux-Limoilou,2025-07-28 05:00:00,0.4085,0.2383,15.5747,14.2835,0.0213
03006 - Québec - Vieux-Limoilou,2025-07-28 06:00:00,0.5151,0.2511,13.2087,14.6084,0.0123
03006 - Québec - Vieux-Limoilou,2025-07-28 07:00:00,0.5778,0.2775,14.0679,15.5749,0.0138
03006 - Québec - Vieux-Limoilou,2025-07-28 08:00:00,0.5881,0.2888,17.6552,20.4037,0.0117
03006 - Québec - Vieux-Limoilou,2025-07-28 09:00:00,0.7569,0.3148,22.2921,28.1006,0.0078
03006 - Québec - Vieux-Limoilou,2025-07-28 10:00:00,1.0226,0.3298,25.1767,31.0623,0.0113
03006 - Québec - Vieux-Limoilou,2025-07-28 11:00:00,1.0985,0.3382,25.3004,30.79,0.0155
03006 - Québec - Vieux-Limoilou,2025-07-28 12:00:00,0.9024,0.3308,27.5315,29.0764,0.012
03006 - Québec - Vieux-Limoilou,2025-07-28 13:00:00,0.9241,0.3373,30.5599,30.1447,0.0203
03006 - Québec - Vieux-Limoilou,2025-07-28 14:00:00,0.9298,0.3468,30.6853,29.9084,0.0165
03006 - Québec - Vieux-Limoilou,2025-07-28 15:00:00,1.1065,0.3468,32.4025,31.3419,0.0237
03006 - Québec - Vieux-Limoilou,2025-07-28 16:00:00,0.9209,0.3541,31.5203,32.1647,0.0213
03006 - Québec - Vieux-Limoilou,2025-07-28 17:00:00,0.8985,0.3312,30.7682,32.2354,0.011
03006 - Québec - Vieux-Limoilou,2025-07-28 18:00:00,0.896,0.3265,32.8454,32.3955,0.0113
03006 - Québec - Vieux-Limoilou,2025-07-28 19:00:00,0.8437,0.3095,32.4351,31.3784,0.009
03006 - Québec - Vieux-Limoilou,2025-07-28 20:00:00,0.8172,0.3009,30.4401,29.226,0.0145
03006 - Québec - Vieux-Limoilou,2025-07-28 21:00:00,0.7905,0.2627,29.9401,25.3762,0.0105
03006 - Québec - Vieux-Limoilou,2025-07-28 22:00:00,0.642,0.2369,32.4601,20.0014,0.0107
03006 - Québec - Vieux-Limoilou,2025-07-28 23:00:00,0.5857,0.2285,31.8918,18.1949,0.0098
03006 - Québec - Vieux-Limoilou,2025-07-29 00:00:00,0.5965,0.2252,29.2501,16.8922,0.0127
03006 - Québec - Vieux-Limoilou,2025-07-29 01:00:00,0.6982,0.2385,24.7937,16.3647,0.0178
03006 - Québec - Vieux-Limoilou,2025-07-29 02:00:00,0.7045,NA,21.1005,16.0695,0.0164
03006 - Québec - Vieux-Limoilou,2025-07-29 03:00:00,0.6818,0.2488,20.7352,19.2195,0.0126
03006 - Québec - Vieux-Limoilou,2025-07-29 04:00:00,0.7361,0.2608,18.4891,22.4408,0.0307
03006 - Québec - Vieux-Limoilou,2025-07-29 05:00:00,0.6654,0.2622,16.5044,20.105,0.0158
03006 - Québec - Vieux-Limoilou,2025-07-29 06:00:00,0.5393,0.2468,16.0119,16.2159,0.0137
03006 - Québec - Vieux-Limoilou,2025-07-29 07:00:00,0.5661,0.2442,15.5521,15.7882,0.0143
03006 - Québec - Vieux-Limoilou,2025-07-29 08:00:00,0.3725,0.2103,17.1693,10.7088,0.0155
03006 - Québec - Vieux-Limoilou,2025-07-29 09:00:00,0.1905,0.1867,24.9165,6.5241,0.0172
03006 - Québec - Vieux-Limoilou,2025-07-29 10:00:00,0.1192,0.1916,27.4324,5.4826,0.0082
03006 - Québec - Vieux-Limoilou,2025-07-29 11:00:00,0.162,0.2228,25.5575,6.5656,0.0093
03006 - Québec - Vieux-Limoilou,2025-07-29 12:00:00,0.2154,0.2358,23.8093,7.8361,0.0145
03006 - Québec - Vieux-Limoilou,2025-07-29 13:00:00,0.2028,0.2433,25.1501,7.4817,0.009
03006 - Québec - Vieux-Limoilou,2025-07-29 14:00:00,0.2737,0.245,26.2851,8.5612,0.0097
03006 - Québec - Vieux-Limoilou,2025-07-29 15:00:00,0.3653,0.2577,26.4701,12.1369,0.0122
03006 - Québec - Vieux-Limoilou,2025-07-29 16:00:00,0.4128,0.2646,26.6489,12.4501,0.0067
03006 - Québec - Vieux-Limoilou,2025-07-29 17:00:00,0.4974,0.263,27.4157,15.2522,0.0083
03006 - Québec - Vieux-Limoilou,2025-07-29 18:00:00,0.6252,0.27,27.739,19.1046,0.0152
03006 - Québec - Vieux-Limoilou,2025-07-29 19:00:00,0.9993,0.3184,32.9379,32.7874,0.0133
03006 - Québec - Vieux-Limoilou,2025-07-29 20:00:00,1.3022,0.3538,31.3761,37.3896,0.0157
03006 - Québec - Vieux-Limoilou,2025-07-29 21:00:00,1.5156,0.3534,26.9833,37.7571,0.0162
03006 - Québec - Vieux-Limoilou,2025-07-29 22:00:00,1.1808,0.2524,17.5843,15.6928,0.0165
03006 - Québec - Vieux-Limoilou,2025-07-29 23:00:00,0.8733,0.2329,16.7828,12.537,0.0205
03006 - Québec - Vieux-Limoilou,2025-07-30 00:00:00,1.0117,0.2862,17.7281,21.929,0.0163
03006 - Québec - Vieux-Limoilou,2025-07-30 01:00:00,1.0711,0.2901,16.2553,25.3985,0.0286
03006 - Québec - Vieux-Limoilou,2025-07-30 02:00:00,1.0877,NA,14.3028,26.6468,0.0168
03006 - Québec - Vieux-Limoilou,2025-07-30 03:00:00,1.1049,0.308,13.9688,30.3426,0.0192
03006 - Québec - Vieux-Limoilou,2025-07-30 04:00:00,1.0773,0.3097,14.8172,32.0715,0.028
03006 - Québec - Vieux-Limoilou,2025-07-30 05:00:00,1.1297,0.3036,11.7521,31.9486,0.0297
03006 - Québec - Vieux-Limoilou,2025-07-30 06:00:00,0.976,0.3113,12.8301,32.6951,0.0223
03006 - Québec - Vieux-Limoilou,2025-07-30 07:00:00,1.0577,0.3293,12.3022,32.0027,0.017
03006 - Québec - Vieux-Limoilou,2025-07-30 08:00:00,1.28,0.3502,14.9854,33.1794,0.0163
03006 - Québec - Vieux-Limoilou,2025-07-30 09:00:00,1.2498,0.3414,21.0364,34.557,0.0198
03006 - Québec - Vieux-Limoilou,2025-07-30 10:00:00,1.2073,0.3409,26.8701,31.7006,0.023
03006 - Québec - Vieux-Limoilou,2025-07-30 11:00:00,0.9575,0.3035,29.4872,27.2556,0.0135
03006 - Québec - Vieux-Limoilou,2025-07-30 12:00:00,0.8849,0.3041,30.4011,27.8449,0.0115
03006 - Québec - Vieux-Limoilou,2025-07-30 13:00:00,0.9001,0.317,31.6658,28.9738,0.0223
03006 - Québec - Vieux-Limoilou,2025-07-30 14:00:00,0.8268,0.3283,33.1883,26.4408,0.0115
03006 - Québec - Vieux-Limoilou,2025-07-30 15:00:00,0.8344,0.3485,30.0804,29.4179,0.0263
03006 - Québec - Vieux-Limoilou,2025-07-30 16:00:00,0.8683,0.3621,30.2424,38.5554,0.0172
03006 - Québec - Vieux-Limoilou,2025-07-30 17:00:00,0.8425,0.3532,31.4861,41.2939,0.0252
03006 - Québec - Vieux-Limoilou,2025-07-30 18:00:00,1.2331,0.3287,28.5396,39.4732,0.0192
03006 - Québec - Vieux-Limoilou,2025-07-30 19:00:00,0.8588,0.3265,29.2617,40.5025,0.0153
03006 - Québec - Vieux-Limoilou,2025-07-30 20:00:00,0.9668,0.3176,27.8571,39.3498,0.0272
03006 - Québec - Vieux-Limoilou,2025-07-30 21:00:00,1.3444,0.326,23.9546,37.23,0.0342
03006 - Québec - Vieux-Limoilou,2025-07-30 22:00:00,1.0659,0.3054,19.5662,37.2559,0.027
03006 - Québec - Vieux-Limoilou,2025-07-30 23:00:00,0.8028,0.2837,23.8057,35.6525,0.0398
03006 - Québec - Vieux-Limoilou,2025-07-31 00:00:00,0.7673,0.2785,20.5146,34.0947,0.0385
03006 - Québec - Vieux-Limoilou,2025-07-31 01:00:00,0.5517,0.2263,19.075,25.4168,0.0388
03006 - Québec - Vieux-Limoilou,2025-07-31 02:00:00,0.3239,NA,19.5002,18.7474,0.0309
03006 - Québec - Vieux-Limoilou,2025-07-31 03:00:00,0.209,0.1636,18.8635,9.6081,0.0262
03006 - Québec - Vieux-Limoilou,2025-07-31 04:00:00,0.3059,0.1762,16.111,10.6612,0.0452
03006 - Québec - Vieux-Limoilou,2025-07-31 05:00:00,0.2332,0.1652,15.5906,7.4829,0.0372
03006 - Québec - Vieux-Limoilou,2025-07-31 06:00:00,0.1012,0.1433,19.135,3.483,0.0342
03006 - Québec - Vieux-Limoilou,2025-07-31 07:00:00,0.0682,0.1317,21.3039,2.9533,0.0397
03006 - Québec - Vieux-Limoilou,2025-07-31 08:00:00,0.0697,0.1294,22.7947,2.6623,0.0462
03006 - Québec - Vieux-Limoilou,2025-07-31 09:00:00,0.0788,0.1379,22.5807,2.7691,0.095
03006 - Québec - Vieux-Limoilou,2025-07-31 10:00:00,0.0451,0.1346,23.9286,2.721,0.03
03006 - Québec - Vieux-Limoilou,2025-07-31 11:00:00,0.0692,0.1405,24.1289,3.0782,0.036
03006 - Québec - Vieux-Limoilou,2025-07-31 12:00:00,0.0508,0.1355,26.4076,2.844,0.036
03006 - Québec - Vieux-Limoilou,2025-07-31 13:00:00,0.0518,0.1271,26.364,3.1135,0.0393
03006 - Québec - Vieux-Limoilou,2025-07-31 14:00:00,0.0587,0.1268,25.2082,3.0864,0.0408
03006 - Québec - Vieux-Limoilou,2025-07-31 15:00:00,0.0554,0.1361,24.8432,2.9753,0.0425
03006 - Québec - Vieux-Limoilou,2025-07-31 16:00:00,0.05,0.1416,25.2358,2.6632,0.0408
03006 - Québec - Vieux-Limoilou,2025-07-31 17:00:00,0.0502,0.1326,24.7393,2.7062,0.047
03006 - Québec - Vieux-Limoilou,2025-07-31 18:00:00,0.0853,0.1326,22.996,2.2197,0.0413
03006 - Québec - Vieux-Limoilou,2025-07-31 19:00:00,0.1094,0.13,22.3601,2.2577,0.0328
03006 - Québec - Vieux-Limoilou,2025-07-31 20:00:00,0.1229,0.1298,20.9134,2.7069,0.0413
03006 - Québec - Vieux-Limoilou,2025-07-31 21:00:00,0.1888,0.1308,17.4214,2.881,0.087
03006 - Québec - Vieux-Limoilou,2025-07-31 22:00:00,0.1818,0.131,17.8753,3.3022,0.0795
03006 - Québec - Vieux-Limoilou,2025-07-31 23:00:00,0.1512,0.1376,16.2015,3.416,0.0847
