municipality_code,municipality,municipality_type,region,residential_consumption_l_person_day,population_served,population_served_thousands,residences_served,persons_per_residence,distributed_water_l_person_day
88055,Amos,City,Abitibi-Témiscamingue,243,11771,11.771,5740,2.05063495,414
88022,Barraute,Municipality,Abitibi-Témiscamingue,184,1414,1.414,594,2.38,307
85020,Béarn,Municipality,Abitibi-Témiscamingue,192,689,0.689,325,2.12,580
87085,Dupuy,Municipality,Abitibi-Témiscamingue,158,618,0.618,266,2.3236715,301
87090,La Sarre,City,Abitibi-Témiscamingue,216,7130,7.13,3565,2,396
88035,Landrienne,Township,Abitibi-Témiscamingue,154,543,0.543,269,2.01986755,208
85052,Laverlochère-Angliers,Municipality,Abitibi-Témiscamingue,172,504,0.504,229,2.2,1047
85037,Lorrainville,Municipality,Abitibi-Témiscamingue,253,1095,1.095,537,2.03833866,308
87058,Macamic,City,Abitibi-Témiscamingue,398,1510,1.51,592,2.55,574
89015,Malartic,City,Abitibi-Témiscamingue,336,3435,3.435,1321,2.6,412
85090,Notre-Dame-Du-Nord,Municipality,Abitibi-Témiscamingue,210,919,0.919,509,1.80555556,379
86042,Rouyn-Noranda,City,Abitibi-Témiscamingue,157,32079,32.079,16430,1.9524535,384
85045,Saint-Bruno-De-Guigues,Municipality,Abitibi-Témiscamingue,247,555,0.555,282,1.96910569,477
89040,Senneterre (V),City,Abitibi-Témiscamingue,672,2698,2.698,1420,1.9,1413
85005,Témiscaming,City,Abitibi-Témiscamingue,455,1613,1.613,1098,1.46896552,931
89008,Val-D'or,City,Abitibi-Témiscamingue,163,27727,27.727,12731,2.17791272,424
85025,Ville-Marie,City,Abitibi-Témiscamingue,146,2409,2.409,1391,1.73184759,357
07047,Amqui,City,Bas-Saint-Laurent,304,5664,5.664,2506,2.26,557
12057,Cacouna,Municipality,Bas-Saint-Laurent,154,1674,1.674,761,2.2,217
13005,Dégelis,City,Bas-Saint-Laurent,364,2442,2.442,1174,2.08,448
12043,L'isle-Verte,Municipality,Bas-Saint-Laurent,135,940,0.94,491,1.9154161,206
07057,Lac-Au-Saumon,Municipality,Bas-Saint-Laurent,153,1174,1.174,415,2.83,641
08005,Les Méchins,Municipality,Bas-Saint-Laurent,218,728,0.728,423,1.72,783
08053,Matane,City,Bas-Saint-Laurent,248,14118,14.118,6723,2.1,464
14005,Mont-Carmel,Municipality,Bas-Saint-Laurent,214,752,0.752,330,2.28,265
09077,Mont-Joli,City,Bas-Saint-Laurent,199,6290,6.29,3190,1.97177048,443
11045,Notre-Dame-Des-Neiges,Municipality,Bas-Saint-Laurent,172,651,0.651,316,2.06,347
13095,Pohénégamook,City,Bas-Saint-Laurent,248,2277,2.277,1100,2.07,457
09065,Price,Village,Bas-Saint-Laurent,178,1679,1.679,730,2.3,351
10043,Rimouski,City,Bas-Saint-Laurent,202,51062,51.062,23750,2.15,395
14035,Saint-Alexandre-De-Kamouraska,Municipality,Bas-Saint-Laurent,166,2331,2.331,666,3.5,404
12015,Saint-Antonin,City,Bas-Saint-Laurent,175,3697,3.697,1395,2.65,273
12065,Saint-Arsène,Parish,Bas-Saint-Laurent,138,856,0.856,357,2.3964497,228
12005,Saint-Cyprien (01),Municipality,Bas-Saint-Laurent,196,804,0.804,374,2.15,266
12010,Saint-Hubert-De-Rivière-Du-Loup,Municipality,Bas-Saint-Laurent,229,860,0.86,351,2.45,265
13065,Saint-Michel-Du-Squatec,Municipality,Bas-Saint-Laurent,237,1078,1.078,499,2.16,369
12020,Saint-Modeste,Municipality,Bas-Saint-Laurent,140,629,0.629,242,2.6,182
14070,Saint-Pacôme,Municipality,Bas-Saint-Laurent,239,1073,1.073,492,2.18,270
14018,Saint-Pascal,City,Bas-Saint-Laurent,219,3026,3.026,1327,2.28,318
14060,Saint-Philippe-De-Néri,Parish,Bas-Saint-Laurent,111,651,0.651,314,2.0725,363
08073,Saint-Ulric,Municipality,Bas-Saint-Laurent,125,913,0.913,390,2.34,261
12030,Saint-Épiphane,Municipality,Bas-Saint-Laurent,152,635,0.635,255,2.49,170
09035,Sainte-Angèle-De-Mérici,Municipality,Bas-Saint-Laurent,306,648,0.648,283,2.29,385
14090,Sainte-Anne-De-La-Pocatière,Parish,Bas-Saint-Laurent,204,576,0.576,265,2.17438692,362
09085,Sainte-Flavie,Parish,Bas-Saint-Laurent,180,956,0.956,451,2.12,370
08023,Sainte-Félicité (01),Municipality,Bas-Saint-Laurent,162,656,0.656,294,2.23,516
14025,Sainte-Hélène-De-Kamouraska,Municipality,Bas-Saint-Laurent,141,548,0.548,286,1.9154161,214
07040,Sainte-Irène,Parish,Bas-Saint-Laurent,106,509,0.509,207,2.46,141
09092,Sainte-Luce,Municipality,Bas-Saint-Laurent,143,3708,3.708,1619,2.29,272
07085,Sayabec,Municipality,Bas-Saint-Laurent,303,1629,1.629,696,2.34,396
11040,Trois-Pistoles,City,Bas-Saint-Laurent,222,3384,3.384,1692,2,309
13073,Témiscouata-Sur-Le-Lac,City,Bas-Saint-Laurent,289,4498,4.498,2092,2.15,454
07080,Val-Brillant,Municipality,Bas-Saint-Laurent,183,634,0.634,291,2.18,251
16013,Baie-Saint-Paul,City,Capitale-Nationale,241,6229,6.229,2938,2.12,473
21025,Beaupré,City,Capitale-Nationale,205,4194,4.194,1908,2.198,443
21045,Boischatel,Municipality,Capitale-Nationale,220,9080,9.08,3363,2.7,240
34030,Cap-Santé,City,Capitale-Nationale,201,3466,3.466,1500,2.31053604,260
21035,Château-Richer,City,Capitale-Nationale,230,4195,4.195,1828,2.295,364
15035,Clermont (03),City,Capitale-Nationale,174,2858,2.858,1415,2.02,536
34058,Deschambault-Grondines,Municipality,Capitale-Nationale,303,2254,2.254,1127,2,470
34025,Donnacona,City,Capitale-Nationale,156,7600,7.6,3605,2.10826446,361
22010,Fossambault-Sur-Le-Lac,City,Capitale-Nationale,192,2308,2.308,1382,1.67,263
21040,L'ange-Gardien,Municipality,Capitale-Nationale,224,3555,3.555,1457,2.44,277
16023,L'isle-Aux-Coudres,Municipality,Capitale-Nationale,204,965,0.965,571,1.69,263
15013,La Malbaie,City,Capitale-Nationale,138,7347,7.347,3637,2.02,498
22040,Lac-Beauport,Municipality,Capitale-Nationale,189,4390,4.39,1735,2.53,417
22030,Lac-Delage,City,Capitale-Nationale,231,638,0.638,259,2.46439628,294
16048,Les Éboulements,Municipality,Capitale-Nationale,417,754,0.754,403,1.87,727
34007,Neuville,City,Capitale-Nationale,239,3032,3.032,1213,2.5,339
16005,Petite-Rivière-Saint-François,Municipality,Capitale-Nationale,301,670,0.67,427,1.56998739,739
34017,Pont-Rouge,City,Capitale-Nationale,153,9339,9.339,4364,2.14,376
34048,Portneuf,City,Capitale-Nationale,304,3153,3.153,1571,2.00697623,356
23027,Québec,City,Capitale-Nationale,206,594033,594.033,301512,1.9701772,375
15030,Saint-Aimé-Des-Lacs,Municipality,Capitale-Nationale,168,770,0.77,321,2.4,226
34097,Saint-Alban,Municipality,Capitale-Nationale,204,1084,1.084,450,2.41,269
34038,Saint-Basile,City,Capitale-Nationale,132,2571,2.571,1126,2.28321492,355
34078,Saint-Casimir,Municipality,Capitale-Nationale,214,1441,1.441,779,1.85,532
21010,Saint-Ferréol-Les-Neiges,Municipality,Capitale-Nationale,251,3141,3.141,2293,1.37,328
16050,Saint-Hilarion,Parish,Capitale-Nationale,159,761,0.761,321,2.37,221
21020,Saint-Joachim,Parish,Capitale-Nationale,222,1369,1.369,621,2.20407407,327
34115,Saint-Léonard-De-Portneuf,Municipality,Capitale-Nationale,210,566,0.566,240,2.36,272
34065,Saint-Marc-Des-Carrières,City,Capitale-Nationale,193,2786,2.786,1402,1.98686938,534
34128,Saint-Raymond,City,Capitale-Nationale,176,6732,6.732,2693,2.5,331
15058,Saint-Siméon (03),Municipality,Capitale-Nationale,350,988,0.988,475,2.08,840
34085,Saint-Thuribe,Parish,Capitale-Nationale,214,1441,1.441,111,12.98333333,532
21005,Saint-Tite-Des-Caps,Municipality,Capitale-Nationale,220,760,0.76,386,1.97,268
34090,Saint-Ubalde,Municipality,Capitale-Nationale,202,1080,1.08,452,2.38880249,343
16055,Saint-Urbain,Parish,Capitale-Nationale,218,1051,1.051,467,2.25,350
21030,Sainte-Anne-De-Beaupré,City,Capitale-Nationale,312,2973,2.973,1657,1.794,383
22045,Sainte-Brigitte-De-Laval,City,Capitale-Nationale,198,4439,4.439,1794,2.47421809,289
22005,Sainte-Catherine-De-La-Jacques-Cartier,City,Capitale-Nationale,178,5804,5.804,2260,2.56826465,245
22020,Shannon,City,Capitale-Nationale,190,4733,4.733,1493,3.17,220
22035,Stoneham-Et-Tewkesbury,United townships,Capitale-Nationale,132,2564,2.564,1212,2.11548277,258
50100,Baie-Du-Febvre,Municipality,Centre-du-Québec,165,975,0.975,474,2.05672269,627
38010,Bécancour,City,Centre-du-Québec,236,14758,14.758,6964,2.11918391,401
39152,Daveluyville,City,Centre-du-Québec,208,1511,1.511,766,1.9723127,351
38070,Deschaillons-Sur-Saint-Laurent,Municipality,Centre-du-Québec,295,884,0.884,425,2.0798,401
49058,Drummondville,City,Centre-du-Québec,206,79208,79.208,38080,2.08004623,409
39010,Ham-Nord,Township,Centre-du-Québec,164,558,0.558,255,2.19,272
32072,Laurierville,Municipality,Centre-du-Québec,176,763,0.763,314,2.43,322
32065,Lyster,Municipality,Centre-du-Québec,206,1069,1.069,555,1.92643678,263
38028,Manseau,Municipality,Centre-du-Québec,249,505,0.505,244,2.07,283
50072,Nicolet,City,Centre-du-Québec,265,8845,8.845,4298,2.05801887,400
49075,Notre-Dame-Du-Bon-Conseil (Vl),Village,Centre-du-Québec,137,1757,1.757,781,2.25031766,1352
50113,Pierreville,Municipality,Centre-du-Québec,258,2197,2.197,1244,1.76631749,381
32043,Plessisville,City,Centre-du-Québec,150,6862,6.862,3650,1.88,553
32033,Princeville,City,Centre-du-Québec,149,4935,4.935,2317,2.13,473
49070,Saint-Cyrille-De-Wendover,Municipality,Centre-du-Québec,149,2801,2.801,1131,2.47642436,183
50030,Saint-Célestin (Vl),Village,Centre-du-Québec,187,1070,1.07,471,2.27139364,238
32013,Saint-Ferdinand,Municipality,Centre-du-Québec,133,1348,1.348,642,2.1,200
50128,Saint-François-Du-Lac,Municipality,Centre-du-Québec,203,2356,2.356,1076,2.19,333
50042,Saint-Léonard-D'aston,Municipality,Centre-du-Québec,191,1831,1.831,849,2.15720165,237
49095,Saint-Majorique-De-Grantham,Parish,Centre-du-Québec,158,973,0.973,386,2.52189781,222
38065,Saint-Pierre-Les-Becquets,Municipality,Centre-du-Québec,203,1155,1.155,617,1.87223975,485
50023,Saint-Wenceslas,Municipality,Centre-du-Québec,167,776,0.776,361,2.14886165,240
50090,Saint-Zéphirin-De-Courval,Parish,Centre-du-Québec,172,503,0.503,226,2.22392638,791
50005,Sainte-Eulalie,Municipality,Centre-du-Québec,192,663,0.663,251,2.64,376
50050,Sainte-Perpétue (17),Parish,Centre-du-Québec,146,579,0.579,228,2.54,352
39062,Victoriaville,City,Centre-du-Québec,225,46526,46.526,22441,2.07325883,483
39077,Warwick,City,Centre-du-Québec,173,4363,4.363,1897,2.3,504
49040,Wickham,Municipality,Centre-du-Québec,121,1075,1.075,398,2.7,190
19037,Armagh,Municipality,Chaudière-Appalaches,214,955,0.955,436,2.19,272
27028,Beauceville,City,Chaudière-Appalaches,177,4184,4.184,2024,2.06743421,516
19105,Beaumont,Municipality,Chaudière-Appalaches,159,2248,2.248,797,2.82,195
18065,Berthier-Sur-Mer,Municipality,Chaudière-Appalaches,146,1386,1.386,654,2.12,163
18045,Cap-Saint-Ignace,Municipality,Chaudière-Appalaches,278,1486,1.486,731,2.03350515,479
31015,Disraeli (V),City,Chaudière-Appalaches,218,2415,2.415,1325,1.82253086,298
26005,Frampton,Municipality,Chaudière-Appalaches,255,662,0.662,331,2,313
17078,L'islet,Municipality,Chaudière-Appalaches,167,2577,2.577,1318,1.95541082,297
29030,La Guadeloupe,Village,Chaudière-Appalaches,163,1664,1.664,779,2.13657407,260
28053,Lac-Etchemin,Municipality,Chaudière-Appalaches,197,3250,3.25,1601,2.03,282
33115,Lotbinière,Municipality,Chaudière-Appalaches,164,1239,1.239,629,1.97,326
25213,Lévis,City,Chaudière-Appalaches,219,154080,154.08,70893,2.17341402,345
18050,Montmagny,City,Chaudière-Appalaches,219,9315,9.315,4777,1.95,512
29120,Notre-Dame-Des-Pins,Parish,Chaudière-Appalaches,149,1545,1.545,690,2.23877069,224
33045,Saint-Agapit,Municipality,Chaudière-Appalaches,179,3538,3.538,1534,2.30652281,265
19062,Saint-Anselme,Municipality,Chaudière-Appalaches,160,3764,3.764,1609,2.33958222,1048
33095,Saint-Antoine-De-Tilly,Municipality,Chaudière-Appalaches,167,1230,1.23,542,2.27,376
33090,Saint-Apollinaire,Municipality,Chaudière-Appalaches,177,5608,5.608,2390,2.34647583,201
29100,Saint-Benoît-Labre,Municipality,Chaudière-Appalaches,155,705,0.705,357,1.97408716,255
26055,Saint-Bernard,Municipality,Chaudière-Appalaches,134,2076,2.076,659,3.15,195
28070,Saint-Camille-De-Lellis,Parish,Chaudière-Appalaches,191,516,0.516,282,1.83,277
19097,Saint-Charles-De-Bellechasse,Municipality,Chaudière-Appalaches,155,1966,1.966,768,2.56,277
29057,Saint-Côme-Linière,Municipality,Chaudière-Appalaches,164,1852,1.852,926,2,449
19030,Saint-Damien-De-Buckland,Parish,Chaudière-Appalaches,180,1266,1.266,560,2.26,549
26022,Saint-Elzéar (12),Municipality,Chaudière-Appalaches,214,1945,1.945,772,2.52,286
18060,Saint-François-De-La-Rivière-Du-Sud,Municipality,Chaudière-Appalaches,201,1596,1.596,591,2.7,685
27065,Saint-Frédéric,Parish,Chaudière-Appalaches,169,1019,1.019,376,2.71,295
29073,Saint-Georges,City,Chaudière-Appalaches,211,27300,27.3,13282,2.05538876,336
19075,Saint-Gervais,Municipality,Chaudière-Appalaches,115,1476,1.476,620,2.38002172,256
33035,Saint-Gilles,Municipality,Chaudière-Appalaches,234,1794,1.794,735,2.44061303,263
29013,Saint-Gédéon-De-Beauce,Municipality,Chaudière-Appalaches,175,1816,1.816,820,2.21487603,294
19068,Saint-Henri,Municipality,Chaudière-Appalaches,170,4207,4.207,1788,2.35277995,417
26063,Saint-Isidore (12),Municipality,Chaudière-Appalaches,165,1636,1.636,687,2.38101788,181
27043,Saint-Joseph-De-Beauce,City,Chaudière-Appalaches,212,4358,4.358,1865,2.3367,295
31045,Saint-Joseph-De-Coleraine,Municipality,Chaudière-Appalaches,327,985,0.985,638,1.54404568,490
26070,Saint-Lambert-De-Lauzon,Municipality,Chaudière-Appalaches,172,3033,3.033,1136,2.67,231
19050,Saint-Lazare-De-Bellechasse,Municipality,Chaudière-Appalaches,168,740,0.74,325,2.27580372,251
19020,Saint-Léon-De-Standon,Parish,Chaudière-Appalaches,164,576,0.576,360,1.6,295
19025,Saint-Malachie,Parish,Chaudière-Appalaches,271,1122,1.122,557,2.01400233,361
19110,Saint-Michel-De-Bellechasse,Municipality,Chaudière-Appalaches,150,1186,1.186,539,2.2,260
33030,Saint-Narcisse-De-Beaurivage,Parish,Chaudière-Appalaches,162,850,0.85,314,2.707,229
27035,Saint-Odilon-De-Cranbourne,Municipality,Chaudière-Appalaches,247,906,0.906,347,2.61,290
17010,Saint-Pamphile,City,Chaudière-Appalaches,151,1882,1.882,811,2.32,285
18030,Saint-Paul-De-Montminy,Municipality,Chaudière-Appalaches,247,570,0.57,297,1.92,332
28020,Saint-Prosper,Municipality,Chaudière-Appalaches,175,3368,3.368,1433,2.35,210
27008,Saint-Victor,Municipality,Chaudière-Appalaches,160,1758,1.758,703,2.5,248
28005,Saint-Zacharie,Municipality,Chaudière-Appalaches,158,830,0.83,388,2.14,194
33080,Saint-Édouard-De-Lotbinière,Parish,Chaudière-Appalaches,211,752,0.752,307,2.45,292
29112,Saint-Éphrem-De-Beauce,Municipality,Chaudière-Appalaches,129,2028,2.028,811,2.5,220
33017,Sainte-Agathe-De-Lotbinière,Municipality,Chaudière-Appalaches,179,583,0.583,283,2.06,355
28015,Sainte-Aurélie,Municipality,Chaudière-Appalaches,157,622,0.622,324,1.92,429
19055,Sainte-Claire,Municipality,Chaudière-Appalaches,178,2610,2.61,1309,1.99393939,727
33102,Sainte-Croix,Municipality,Chaudière-Appalaches,144,2016,2.016,884,2.28,275
26040,Sainte-Hénédine,Parish,Chaudière-Appalaches,211,958,0.958,398,2.40819672,261
28045,Sainte-Justine,Municipality,Chaudière-Appalaches,222,1476,1.476,639,2.31,331
26035,Sainte-Marguerite,Parish,Chaudière-Appalaches,162,844,0.844,309,2.73,182
26030,Sainte-Marie,City,Chaudière-Appalaches,248,12108,12.108,5603,2.16093068,386
17030,Sainte-Perpétue (12),Municipality,Chaudière-Appalaches,189,1416,1.416,638,2.22,243
26048,Scott,Municipality,Chaudière-Appalaches,203,1539,1.539,693,2.22072785,244
31084,Thetford Mines,City,Chaudière-Appalaches,244,25933,25.933,13254,1.95659188,391
27060,Tring-Jonction,Village,Chaudière-Appalaches,172,1515,1.515,690,2.19546742,245
26015,Vallée-Jonction,Municipality,Chaudière-Appalaches,179,1801,1.801,838,2.14967462,262
96020,Baie-Comeau,City,Côte-Nord,223,20492,20.492,10449,1.96112639,502
96035,Chute-Aux-Outardes,Village,Côte-Nord,346,1398,1.398,728,1.91983696,468
95045,Forestville,City,Côte-Nord,447,2030,2.03,1198,1.6946929,709
98040,Havre-Saint-Pierre,Municipality,Côte-Nord,285,2976,2.976,1750,1.70071138,376
95018,Les Bergeronnes,Municipality,Côte-Nord,178,527,0.527,266,1.98,411
95025,Les Escoumins,Municipality,Côte-Nord,410,1718,1.718,859,2,555
95032,Longue-Rive,Municipality,Côte-Nord,306,778,0.778,555,1.40214067,529
96030,Pointe-Aux-Outardes,Village,Côte-Nord,138,1428,1.428,635,2.24826505,206
96025,Pointe-Lebel,Village,Côte-Nord,155,921,0.921,522,1.76396917,210
97022,Port-Cartier,City,Côte-Nord,222,6440,6.44,2250,2.86222222,378
95010,Sacré-Coeur,Municipality,Côte-Nord,190,1502,1.502,705,2.13,285
97007,Sept-Îles,City,Côte-Nord,228,22658,22.658,12238,1.85145309,793
95005,Tadoussac,Village,Côte-Nord,224,694,0.694,477,1.45388788,845
41055,Ascot Corner,Municipality,Estrie,267,767,0.767,301,2.54741379,356
45035,Ayer's Cliff,Village,Estrie,402,1338,1.338,755,1.77233429,462
46035,Bedford (V),City,Estrie,231,2751,2.751,1499,1.83505866,1102
46078,Bromont,City,Estrie,199,11430,11.43,5469,2.09,494
44071,Compton,Municipality,Estrie,148,1522,1.522,662,2.29916898,247
41038,Cookshire-Eaton,City,Estrie,181,3572,3.572,1215,2.94,277
40047,Danville,City,Estrie,187,1994,1.994,991,2.01178883,355
46112,Farnham,City,Estrie,189,8997,8.997,4145,2.17046819,391
47017,Granby,City,Estrie,194,60517,60.517,29377,2.06,402
46075,Lac-Brome,City,Estrie,273,3008,3.008,1893,1.58922217,602
30080,Lac-Drolet,Municipality,Estrie,182,551,0.551,246,2.24,282
30030,Lac-Mégantic,City,Estrie,136,5798,5.798,3165,1.8319169,462
30095,Lambton,Municipality,Estrie,123,1150,1.15,460,2.5,332
45072,Magog,City,Estrie,225,26263,26.263,12330,2.13,349
30045,Nantes,Municipality,Estrie,172,795,0.795,398,1.99859551,222
42032,Racine,Municipality,Estrie,319,670,0.67,249,2.69,373
42098,Richmond,City,Estrie,219,3422,3.422,1689,2.02591284,379
47047,Roxton Pond,Municipality,Estrie,157,3022,3.022,1355,2.23,179
43027,Sherbrooke,City,Estrie,216,164160,164.16,81077,2.02473987,380
45008,Stanstead (V),City,Estrie,208,2659,2.659,1330,1.99931271,408
46058,Sutton,City,Estrie,180,4699,4.699,2340,2.008,217
40043,Val-Des-Sources,City,Estrie,188,6959,6.959,3445,2.02,435
42055,Valcourt (V),City,Estrie,160,2282,2.282,1174,1.94339623,469
47025,Waterloo,City,Estrie,147,5333,5.333,2702,1.97372317,342
44080,Waterville,City,Estrie,185,1691,1.691,638,2.65,417
41098,Weedon,Municipality,Estrie,433,1379,1.379,835,1.6519174,594
42088,Windsor,City,Estrie,168,5197,5.197,2440,2.13,429
05045,Bonaventure,City,Gaspésie–Îles-de-la-Madeleine,302,1460,1.46,836,1.74681934,453
06013,Carleton-Sur-Mer,City,Gaspésie–Îles-de-la-Madeleine,428,4047,4.047,1865,2.17,687
02028,Chandler,City,Gaspésie–Îles-de-la-Madeleine,380,7398,7.398,3835,1.92901716,1351
03010,Cloridorme,Township,Gaspésie–Îles-de-la-Madeleine,747,616,0.616,400,1.54074074,877
03005,Gaspé,City,Gaspésie–Îles-de-la-Madeleine,369,9155,9.155,3946,2.32,539
03020,Grande-Vallée,Municipality,Gaspésie–Îles-de-la-Madeleine,215,1050,1.05,525,2,521
01023,Les Îles-De-La-Madeleine,Municipality,Gaspésie–Îles-de-la-Madeleine,362,11966,11.966,5983,2,468
06005,Maria,Municipality,Gaspésie–Îles-de-la-Madeleine,224,2483,2.483,1196,2.0761035,499
03025,Murdochville,City,Gaspésie–Îles-de-la-Madeleine,383,610,0.61,452,1.35,1823
05070,New Richmond,City,Gaspésie–Îles-de-la-Madeleine,317,2772,2.772,1389,1.99580493,473
05032,Paspébiac,City,Gaspésie–Îles-de-la-Madeleine,210,3101,3.101,1520,2.04,759
02005,Percé,City,Gaspésie–Îles-de-la-Madeleine,477,686,0.686,379,1.81,1012
06030,Pointe-À-La-Croix,Municipality,Gaspésie–Îles-de-la-Madeleine,319,1077,1.077,494,2.18,484
02047,Port-Daniel-Gascons,Municipality,Gaspésie–Îles-de-la-Madeleine,217,947,0.947,500,1.89454531,599
04010,Saint-Maxime-Du-Mont-Louis,Municipality,Gaspésie–Îles-de-la-Madeleine,208,808,0.808,410,1.97,469
52035,Berthierville,City,Lanaudière,282,4503,4.503,2442,1.84390445,967
60005,Charlemagne,City,Lanaudière,186,6595,6.595,3309,1.99294262,289
62047,Chertsey,Municipality,Lanaudière,238,535,0.535,242,2.21,468
61013,Crabtree,City,Lanaudière,175,3508,3.508,1409,2.49,270
61025,Joliette,City,Lanaudière,198,22261,22.261,11775,1.89054683,588
60028,L'assomption,City,Lanaudière,197,22331,22.331,9709,2.3,349
60037,L'épiphanie,City,Lanaudière,167,6345,6.345,2538,2.5,222
52050,La Visitation-De-L'île-Dupas,Municipality,Lanaudière,158,709,0.709,341,2.08,215
52017,Lanoraie,Municipality,Lanaudière,168,4124,4.124,1841,2.24,268
52007,Lavaltrie,City,Lanaudière,184,14617,14.617,5579,2.62,261
52095,Mandeville,Municipality,Lanaudière,184,839,0.839,426,1.96948357,268
64015,Mascouche,City,Lanaudière,213,52084,52.084,20318,2.56345178,309
61045,Notre-Dame-De-Lourdes (14),Municipality,Lanaudière,204,1055,1.055,449,2.34883721,239
61030,Notre-Dame-Des-Prairies,City,Lanaudière,178,9101,9.101,4194,2.17,274
62037,Rawdon,Municipality,Lanaudière,198,7328,7.328,3610,2.03,384
60013,Repentigny,City,Lanaudière,208,87980,87.98,35494,2.4787288,276
63023,Saint-Alexis,Municipality,Lanaudière,199,501,0.501,195,2.57,269
62025,Saint-Alphonse-Rodriguez,Municipality,Lanaudière,333,723,0.723,530,1.36477495,416
61040,Saint-Ambroise-De-Kildare,Municipality,Lanaudière,197,3571,3.571,1434,2.49,223
52055,Saint-Barthélemy,Parish,Lanaudière,134,2001,2.001,807,2.48,374
63055,Saint-Calixte,Municipality,Lanaudière,275,1419,1.419,625,2.27,422
61035,Saint-Charles-Borromée,City,Lanaudière,206,16178,16.178,8572,1.8873,309
52062,Saint-Cuthbert,Municipality,Lanaudière,160,1118,1.118,486,2.3,938
62065,Saint-Côme,Municipality,Lanaudière,329,789,0.789,719,1.09729512,686
62060,Saint-Donat (14),Municipality,Lanaudière,226,2778,2.778,1208,2.3,404
63030,Saint-Esprit,Municipality,Lanaudière,155,1723,1.723,764,2.25565388,380
62007,Saint-Félix-De-Valois,Municipality,Lanaudière,205,5087,5.087,2377,2.1399268,376
52080,Saint-Gabriel,City,Lanaudière,136,2848,2.848,1424,2,430
52085,Saint-Gabriel-De-Brandon,Municipality,Lanaudière,269,868,0.868,457,1.9,342
63013,Saint-Jacques,Municipality,Lanaudière,201,4261,4.261,1732,2.46,296
62015,Saint-Jean-De-Matha,Municipality,Lanaudière,232,1240,1.24,689,1.8,357
63065,Saint-Liguori,Municipality,Lanaudière,178,885,0.885,347,2.55,250
63048,Saint-Lin-Laurentides,City,Lanaudière,145,10988,10.988,4162,2.64,316
62085,Saint-Michel-Des-Saints,Municipality,Lanaudière,652,900,0.9,694,1.29682997,1018
61005,Saint-Paul,Municipality,Lanaudière,197,5699,5.699,2250,2.53286171,230
63035,Saint-Roch-De-L'achigan,Municipality,Lanaudière,275,3168,3.168,1304,2.42924935,332
61027,Saint-Thomas,Municipality,Lanaudière,175,3021,3.021,1272,2.3751634,242
52040,Sainte-Geneviève-De-Berthier,Municipality,Lanaudière,302,2151,2.151,984,2.18622696,390
63060,Sainte-Julienne,Municipality,Lanaudière,240,2561,2.561,1076,2.38,308
61050,Sainte-Mélanie,Municipality,Lanaudière,199,1506,1.506,649,2.32,388
52030,Sainte-Élisabeth,Municipality,Lanaudière,357,1330,1.33,595,2.23493045,892
64008,Terrebonne,City,Lanaudière,149,105617,105.617,38267,2.76,395
73015,Blainville,City,Laurentides,157,60541,60.541,23659,2.55889126,325
73030,Bois-Des-Filion,City,Laurentides,200,10602,10.602,4470,2.37181208,313
73005,Boisbriand,City,Laurentides,192,28908,28.908,11897,2.4298778,449
76043,Brownsburg-Chatham,City,Laurentides,222,4296,4.296,1884,2.28,421
78075,Brébeuf,Municipality,Laurentides,258,874,0.874,437,2,453
72010,Deux-Montagnes,City,Laurentides,199,18347,18.347,7959,2.30518909,505
76055,Grenville,Village,Laurentides,212,1851,1.851,941,1.96753927,388
78065,Huberdeau,Municipality,Laurentides,167,550,0.55,278,1.98,327
78115,La Conception,Municipality,Laurentides,202,996,0.996,337,2.955,239
78120,Labelle,Municipality,Laurentides,200,1748,1.748,935,1.87,455
79078,Lac-Des-Écorces,Municipality,Laurentides,248,1390,1.39,678,2.05,316
76020,Lachute,City,Laurentides,244,13852,13.852,6667,2.07773606,487
73025,Lorraine,City,Laurentides,284,9181,9.181,3279,2.8,333
74005,Mirabel,City,Laurentides,202,58846,58.846,23829,2.46951729,297
79088,Mont-Laurier,City,Laurentides,271,7709,7.709,4012,1.92152971,735
78102,Mont-Tremblant,City,Laurentides,275,9181,9.181,5923,1.55,789
77050,Morin-Heights,Municipality,Laurentides,303,1588,1.588,756,2.1,526
79030,Nominingue,Municipality,Laurentides,213,832,0.832,389,2.14,756
77030,Piedmont,Municipality,Laurentides,354,3248,3.248,2210,1.46983471,509
72020,Pointe-Calumet,Municipality,Laurentides,214,6198,6.198,2747,2.25640101,267
75040,Prévost,City,Laurentides,214,8217,8.217,3354,2.45,323
79037,Rivière-Rouge,City,Laurentides,233,3244,3.244,1622,2,366
73020,Rosemère,City,Laurentides,229,14122,14.122,5399,2.61572618,420
76008,Saint-André-D'argenteuil,Municipality,Laurentides,187,1785,1.785,714,2.5,340
75005,Saint-Colomban,City,Laurentides,173,2172,2.172,827,2.62613895,249
72005,Saint-Eustache,City,Laurentides,253,46506,46.506,20280,2.2932,416
72025,Saint-Joseph-Du-Lac,Municipality,Laurentides,212,6227,6.227,2542,2.44983165,329
75017,Saint-Jérôme,City,Laurentides,186,80823,80.823,37945,2.13,383
77043,Saint-Sauveur,City,Laurentides,238,8166,8.166,4645,1.75801938,442
77022,Sainte-Adèle,City,Laurentides,244,12223,12.223,7013,1.74297521,436
78032,Sainte-Agathe-Des-Monts,City,Laurentides,206,10381,10.381,5522,1.88,641
73035,Sainte-Anne-Des-Plaines,City,Laurentides,173,13850,13.85,5330,2.59846254,234
78020,Sainte-Lucie-Des-Laurentides,Municipality,Laurentides,272,644,0.644,332,1.93864005,314
77012,Sainte-Marguerite-Du-Lac-Masson,City,Laurentides,452,1101,1.101,773,1.42450254,545
72015,Sainte-Marthe-Sur-Le-Lac,City,Laurentides,211,20490,20.49,7790,2.63027602,266
75028,Sainte-Sophie,Municipality,Laurentides,223,2511,2.511,1045,2.40300216,313
73010,Sainte-Thérèse,City,Laurentides,390,27003,27.003,14319,1.88581605,877
78010,Val-David,Village,Laurentides,204,5366,5.366,2981,1.8,478
78005,Val-Morin,Municipality,Laurentides,370,2302,2.302,1346,1.71,496
65005,Laval,City,Laval,235,444739,444.739,185829,2.39327,413
37220,Champlain,Municipality,Mauricie,248,1658,1.658,848,1.95477387,443
51080,Charette,Municipality,Mauricie,209,951,0.951,400,2.3775,337
35035,Hérouxville,Parish,Mauricie,260,1346,1.346,612,2.2,348
90012,La Tuque,City,Mauricie,239,9640,9.64,5021,1.92,802
35010,Lac-Aux-Sables,Parish,Mauricie,185,1345,1.345,502,2.68,287
51015,Louiseville,City,Mauricie,238,7534,7.534,3605,2.09,464
51008,Maskinongé,Municipality,Mauricie,227,2416,2.416,1196,2.02,356
37235,Notre-Dame-Du-Mont-Carmel,Parish,Mauricie,154,6400,6.4,2668,2.3988,343
35015,Saint-Adelphe,Parish,Mauricie,181,834,0.834,403,2.07,232
51065,Saint-Alexis-Des-Monts,Parish,Mauricie,218,1888,1.888,1079,1.75,322
51085,Saint-Boniface,Municipality,Mauricie,279,3885,3.885,1573,2.47,327
37230,Saint-Maurice,Parish,Mauricie,239,3679,3.679,1607,2.28936,324
37240,Saint-Narcisse,Parish,Mauricie,158,1427,1.427,622,2.294,229
37245,Saint-Stanislas (04),Municipality,Mauricie,162,848,0.848,400,2.12,307
35020,Saint-Séverin (04),Parish,Mauricie,142,789,0.789,346,2.28,263
35027,Saint-Tite,City,Mauricie,551,3569,3.569,1758,2.03,670
51090,Saint-Étienne-Des-Grès,Parish,Mauricie,270,3128,3.128,1203,2.6,316
37215,Sainte-Geneviève-De-Batiscan,Parish,Mauricie,188,920,0.92,436,2.11,362
35050,Sainte-Thècle,Municipality,Mauricie,206,2319,2.319,1059,2.19,315
51040,Sainte-Ursule,Municipality,Mauricie,396,1118,1.118,611,1.83,515
36033,Shawinigan,City,Mauricie,229,51127,51.127,27438,1.86338175,420
37067,Trois-Rivières,City,Mauricie,295,141078,141.078,74793,1.88624314,399
51020,Yamachiche,Municipality,Mauricie,229,2680,2.68,1259,2.12885802,855
66112,Baie-D'urfé,City,Montréal,326,3710,3.71,1446,2.56569848,1417
66107,Beaconsfield,City,Montréal,236,19755,19.755,6928,2.85147229,645
66058,Côte-Saint-Luc,City,Montréal,289,37833,37.833,16098,2.35016772,424
66142,Dollard-Des-Ormeaux,City,Montréal,309,49908,49.908,17692,2.82093602,664
66087,Dorval,City,Montréal,315,23964,23.964,10979,2.18269437,767
66102,Kirkland,City,Montréal,274,19018,19.018,6796,2.79845516,565
66072,Mont-Royal,City,Montréal,366,21397,21.397,8259,2.59071981,741
66023,Montréal,City,Montréal,312,1880817,1880.817,907801,2.07183881,604
66047,Montréal-Ouest,City,Montréal,192,5247,5.247,1997,2.62762763,414
66097,Pointe-Claire,City,Montréal,211,37505,37.505,15626,2.40017614,538
66117,Sainte-Anne-De-Bellevue,City,Montréal,249,5339,5.339,2238,2.38580931,554
66127,Senneville,Village,Montréal,253,1063,1.063,404,2.63212435,1001
48028,Acton Vale,City,Montérégie,179,6157,6.157,2598,2.37,347
55008,Ange-Gardien,Municipality,Montérégie,215,2874,2.874,933,3.08,774
70022,Beauharnois,City,Montérégie,204,14745,14.745,6962,2.11791661,437
57040,Beloeil,City,Montérégie,201,24770,24.77,10516,2.35548583,318
58033,Boucherville,City,Montérégie,239,41726,41.726,18169,2.29654907,468
58007,Brossard,City,Montérégie,201,95066,95.066,39290,2.41959786,312
59030,Calixa-Lavallée,Municipality,Montérégie,164,521,0.521,221,2.356,257
67020,Candiac,City,Montérégie,359,23692,23.692,11556,2.0502,510
57010,Carignan,City,Montérégie,227,10410,10.41,3973,2.620218,298
57005,Chambly,City,Montérégie,140,31895,31.895,13066,2.44103828,415
67050,Châteauguay,City,Montérégie,250,51997,51.997,20552,2.53,491
56010,Clarenceville,Municipality,Montérégie,188,722,0.722,342,2.11,202
59035,Contrecoeur,City,Montérégie,192,10194,10.194,4477,2.27697119,460
71040,Coteau-Du-Lac,City,Montérégie,255,7390,7.39,2972,2.48656523,316
68010,Hemmingford (Vl),Village,Montérégie,209,998,0.998,496,2.01123596,300
56042,Henryville,Municipality,Montérégie,191,720,0.72,288,2.5,659
71060,L'île-Perrot,City,Montérégie,251,11678,11.678,5140,2.27198,434
67015,La Prairie,City,Montérégie,207,26868,26.868,11330,2.37140098,389
54035,La Présentation,Municipality,Montérégie,291,2541,2.541,931,2.7293,514
56023,Lacolle,Municipality,Montérégie,314,2387,2.387,1020,2.34,410
71033,Les Coteaux,Municipality,Montérégie,254,6049,6.049,2526,2.39469517,342
58227,Longueuil,City,Montérégie,236,253629,253.629,116258,2.18160471,552
55048,Marieville,City,Montérégie,237,10442,10.442,4400,2.37316139,428
57025,Mcmasterville,City,Montérégie,272,6097,6.097,2697,2.26065,318
67045,Mercier,City,Montérégie,237,15070,15.07,5323,2.83111,348
57035,Mont-Saint-Hilaire,City,Montérégie,254,18229,18.229,8171,2.23092926,384
68030,Napierville,Municipality,Montérégie,198,4082,4.082,1802,2.26504065,324
71065,Notre-Dame-De-L'île-Perrot,City,Montérégie,270,11354,11.354,3998,2.83991,354
69037,Ormstown,Municipality,Montérégie,140,3270,3.27,1263,2.58907,353
57030,Otterburn Park,City,Montérégie,228,8559,8.559,3403,2.5151,251
71070,Pincourt,City,Montérégie,192,15095,15.095,5847,2.581665,311
71055,Pointe-Des-Cascades,Village,Montérégie,275,1830,1.83,777,2.35521,350
55057,Richelieu,City,Montérégie,119,5191,5.191,2271,2.28571429,400
71133,Rigaud,City,Montérégie,220,4598,4.598,1869,2.4601,292
55037,Rougemont,Municipality,Montérégie,206,2530,2.53,1063,2.38,1294
56055,Saint-Alexandre,Municipality,Montérégie,164,1780,1.78,668,2.665,181
59015,Saint-Amable,City,Montérégie,204,13796,13.796,5445,2.5337,252
57075,Saint-Antoine-Sur-Richelieu,Municipality,Montérégie,192,1800,1.8,777,2.316,530
54105,Saint-Barnabé-Sud,Municipality,Montérégie,163,870,0.87,298,2.92022792,508
57020,Saint-Basile-Le-Grand,City,Montérégie,250,17026,17.026,6846,2.48699,331
54115,Saint-Bernard-De-Michaudville,Municipality,Montérégie,193,633,0.633,238,2.66,758
58037,Saint-Bruno-De-Montarville,City,Montérégie,183,26481,26.481,10954,2.41747573,459
57057,Saint-Charles-Sur-Richelieu,Municipality,Montérégie,192,1781,1.781,869,2.05,530
69017,Saint-Chrysostome,Municipality,Montérégie,181,1349,1.349,562,2.4,301
71045,Saint-Clet,Municipality,Montérégie,214,1640,1.64,716,2.29062087,416
68035,Saint-Cyprien-De-Napierville,Municipality,Montérégie,201,517,0.517,205,2.52080537,257
55023,Saint-Césaire,City,Montérégie,172,5090,5.09,2589,1.966,455
54017,Saint-Damase (16),Municipality,Montérégie,167,2570,2.57,1100,2.3359999,1792
53005,Saint-David,Municipality,Montérégie,184,913,0.913,402,2.27,550
57068,Saint-Denis-Sur-Richelieu,Municipality,Montérégie,202,2182,2.182,917,2.38,530
54060,Saint-Dominique,Municipality,Montérégie,196,2344,2.344,843,2.78,279
54100,Saint-Hugues,Municipality,Montérégie,176,946,0.946,374,2.53,312
54048,Saint-Hyacinthe,City,Montérégie,203,59021,59.021,28893,2.0427462,500
67040,Saint-Isidore (16),Parish,Montérégie,158,2135,2.135,782,2.73,239
68040,Saint-Jacques-Le-Mineur,Municipality,Montérégie,175,1003,1.003,438,2.29097387,211
56083,Saint-Jean-Sur-Richelieu,City,Montérégie,267,98170,98.17,45411,2.16180868,402
54110,Saint-Jude,Municipality,Montérégie,428,1338,1.338,573,2.33448276,667
58012,Saint-Lambert (16),City,Montérégie,437,23190,23.19,11540,2.00949914,547
71105,Saint-Lazare,City,Montérégie,203,22336,22.336,7840,2.84904243,289
54072,Saint-Liboire,Municipality,Montérégie,149,2105,2.105,716,2.94,174
57050,Saint-Marc-Sur-Richelieu,Municipality,Montérégie,192,2244,2.244,949,2.365,530
55065,Saint-Mathias-Sur-Richelieu,Municipality,Montérégie,228,4149,4.149,1825,2.27353376,277
67005,Saint-Mathieu,Municipality,Montérégie,277,2021,2.021,815,2.48020305,306
55015,Saint-Paul-D'abbotsford,Municipality,Montérégie,133,759,0.759,273,2.78,202
67010,Saint-Philippe,City,Montérégie,181,7891,7.891,2740,2.8799,244
54008,Saint-Pie,City,Montérégie,191,4145,4.145,1613,2.57,314
71020,Saint-Polycarpe,Municipality,Montérégie,169,2675,2.675,1037,2.58,236
53020,Saint-Robert,Municipality,Montérégie,148,1863,1.863,817,2.28029376,377
53040,Saint-Roch-De-Richelieu,Municipality,Montérégie,214,2798,2.798,1256,2.22770701,289
68055,Saint-Rémi,City,Montérégie,213,9095,9.095,3609,2.52,306
54090,Saint-Simon (16),Municipality,Montérégie,152,809,0.809,256,3.16,374
71025,Saint-Zotique,City,Montérégie,207,10137,10.137,4209,2.40832158,270
55030,Sainte-Angèle-De-Monnoir,Municipality,Montérégie,138,1371,1.371,445,3.08,212
53065,Sainte-Anne-De-Sorel,Municipality,Montérégie,232,2792,2.792,1362,2.05,392
69065,Sainte-Barbe,Municipality,Montérégie,189,1690,1.69,719,2.35,250
56105,Sainte-Brigide-D'iberville,Municipality,Montérégie,162,840,0.84,309,2.72,233
67030,Sainte-Catherine,City,Montérégie,213,17577,17.577,7375,2.38327007,383
54095,Sainte-Hélène-De-Bagot,Municipality,Montérégie,90,1049,1.049,433,2.42318059,368
59010,Sainte-Julie,City,Montérégie,276,30671,30.671,12849,2.38701829,356
54025,Sainte-Madeleine,Village,Montérégie,219,2187,2.187,958,2.28313253,311
70012,Sainte-Martine,Municipality,Montérégie,320,3742,3.742,1627,2.3,648
70052,Salaberry-De-Valleyfield,City,Montérégie,186,45124,45.124,22450,2.00996843,826
53052,Sorel-Tracy,City,Montérégie,251,36093,36.093,19388,1.86161543,557
71075,Terrasse-Vaudreuil,Municipality,Montérégie,154,1920,1.92,845,2.27208481,262
48038,Upton,Municipality,Montérégie,310,1676,1.676,582,2.88,697
59020,Varennes,City,Montérégie,173,21428,21.428,8818,2.43,549
71083,Vaudreuil-Dorion,City,Montérégie,204,42273,42.273,16423,2.57401169,356
71090,Vaudreuil-Sur-Le-Lac,Village,Montérégie,213,1363,1.363,517,2.63636364,341
56005,Venise-En-Québec,Municipality,Montérégie,134,1880,1.88,1114,1.68716372,443
59025,Verchères,Municipality,Montérégie,205,5482,5.482,2353,2.32997176,343
53072,Yamaska,Municipality,Montérégie,350,1624,1.624,899,1.80661841,463
99020,Chapais,City,Nord-du-Québec,459,1432,1.432,746,1.9197861,2671
99025,Chibougamau,City,Nord-du-Québec,316,7139,7.139,3526,2.02461283,1115
99005,Lebel-Sur-Quévillon,City,Nord-du-Québec,251,2153,2.153,1198,1.79716194,386
99015,Matagami,City,Nord-du-Québec,266,1340,1.34,815,1.64417178,331
84030,Campbell's Bay,Municipality,Outaouais,268,985,0.985,419,2.35,326
82025,Chelsea,Municipality,Outaouais,358,1278,1.278,543,2.35333333,601
80103,Chénéville,Municipality,Outaouais,272,632,0.632,336,1.88,476
80005,Fassett,Municipality,Outaouais,145,772,0.772,394,1.96,190
84060,Fort-Coulonge,Village,Outaouais,187,1417,1.417,734,1.93055556,255
81017,Gatineau,City,Outaouais,219,294299,294.299,131341,2.240725,350
83032,Gracefield,City,Outaouais,171,684,0.684,318,2.15,494
83065,Maniwaki,City,Outaouais,219,4176,4.176,2312,1.80620525,430
80010,Montebello,Municipality,Outaouais,425,958,0.958,543,1.76416819,886
84055,Otter Lake,Municipality,Outaouais,187,751,0.751,243,3.09,249
80037,Papineauville,Municipality,Outaouais,200,2518,2.518,1079,2.33364226,317
80078,Ripon,Municipality,Outaouais,289,539,0.539,323,1.66855524,359
80027,Saint-André-Avellin,Municipality,Outaouais,159,2649,2.649,1113,2.38,403
80050,Thurso,City,Outaouais,201,3332,3.332,1666,2,392
92030,Albanel,Municipality,Saguenay–Lac-Saint-Jean,265,1367,1.367,516,2.65,424
93042,Alma,City,Saguenay–Lac-Saint-Jean,183,30649,30.649,15131,2.02557663,364
94250,Bégin,Municipality,Saguenay–Lac-Saint-Jean,200,694,0.694,356,1.95,278
91020,Chambord,Municipality,Saguenay–Lac-Saint-Jean,310,978,0.978,680,1.43884892,768
93005,Desbiens,City,Saguenay–Lac-Saint-Jean,266,967,0.967,520,1.8597786,321
92022,Dolbeau-Mistassini,City,Saguenay–Lac-Saint-Jean,183,13616,13.616,5869,2.32,463
92055,Girardville,Municipality,Saguenay–Lac-Saint-Jean,274,916,0.916,571,1.60436137,314
93020,Hébertville,Municipality,Saguenay–Lac-Saint-Jean,263,2492,2.492,1246,2,438
93025,Hébertville-Station,Village,Saguenay–Lac-Saint-Jean,385,1027,1.027,488,2.105,645
94210,L'anse-Saint-Jean,Municipality,Saguenay–Lac-Saint-Jean,280,918,0.918,510,1.8,764
93065,L'ascension-De-Notre-Seigneur,Parish,Saguenay–Lac-Saint-Jean,211,2196,2.196,1152,1.906,326
91050,La Doré,Parish,Saguenay–Lac-Saint-Jean,189,1138,1.138,569,2,453
93055,Labrecque,Municipality,Saguenay–Lac-Saint-Jean,177,1210,1.21,504,2.4,422
91005,Lac-Bouchette,Municipality,Saguenay–Lac-Saint-Jean,232,977,0.977,444,2.2,369
94265,Larouche,Municipality,Saguenay–Lac-Saint-Jean,197,1189,1.189,504,2.36,264
93012,Métabetchouan-Lac-À-La-Croix,City,Saguenay–Lac-Saint-Jean,438,3239,3.239,1707,1.89750567,653
92040,Normandin,City,Saguenay–Lac-Saint-Jean,160,3027,3.027,1321,2.2914,432
91025,Roberval,City,Saguenay–Lac-Saint-Jean,238,9496,9.496,4678,2.03,492
94068,Saguenay,City,Saguenay–Lac-Saint-Jean,235,142505,142.505,70396,2.02433785,494
93030,Saint-Bruno,Municipality,Saguenay–Lac-Saint-Jean,290,2879,2.879,1269,2.26865672,557
94260,Saint-Charles-De-Bourget,Municipality,Saguenay–Lac-Saint-Jean,270,767,0.767,415,1.84862385,536
94245,Saint-David-De-Falardeau,Municipality,Saguenay–Lac-Saint-Jean,207,2488,2.488,1077,2.31,615
91015,Saint-François-De-Sales,Municipality,Saguenay–Lac-Saint-Jean,222,547,0.547,239,2.29,863
94235,Saint-Fulgence,Municipality,Saguenay–Lac-Saint-Jean,230,1711,1.711,719,2.38,438
91042,Saint-Félicien,City,Saguenay–Lac-Saint-Jean,220,10133,10.133,4648,2.18,361
93035,Saint-Gédéon,Municipality,Saguenay–Lac-Saint-Jean,509,2108,2.108,1054,2,650
93070,Saint-Henri-De-Taillon,Municipality,Saguenay–Lac-Saint-Jean,187,940,0.94,400,2.35,446
94240,Saint-Honoré,City,Saguenay–Lac-Saint-Jean,196,6321,6.321,2612,2.42,401
93045,Saint-Nazaire,Municipality,Saguenay–Lac-Saint-Jean,206,1770,1.77,686,2.58,301
91030,Sainte-Hedwidge,Municipality,Saguenay–Lac-Saint-Jean,205,602,0.602,254,2.37,228
92015,Sainte-Jeanne-D'arc (02),Village,Saguenay–Lac-Saint-Jean,287,607,0.607,334,1.81639344,400
93075,Sainte-Monique (02),Municipality,Saguenay–Lac-Saint-Jean,317,625,0.625,390,1.60261194,577
